WorkerIndex,Treatment,WorkTimeInSeconds,Answer.output_buttons_b,Answer.output_feedback_b,Answer.question_order_b,Answer.retention_check,Answer.time_array_out_b,Answer.tutorial_save_b,Answer.verbal_feedback
1,A,224,"{""2"":0,""20"":0,""22"":0,""40"":1,""42"":0,""65"":0,""75"":1,""76"":0,""91"":0,""92"":0}",2,"[91,76,22,40,92,2,42,75,65,20]",I didn't have one favorite item; I was more interested in the total value of what I was being given than any one specific item.,"{""2"":8.052,""20"":7.875,""22"":12.471,""40"":6.464,""42"":5.92,""65"":8.728,""75"":5.357,""76"":10.669,""91"":22.568,""92"":6.696,""tutorial_2A"":33.211,""tutorial_3A"":4.204}","{""2A"":[2],""2BC"":[],""3A"":[],""3BC"":[],""2DE"":[],""3DE"":[],""4DE"":[],""5DE"":[]}","This was a fun, interesting, and easy survey to complete."
2,A,364,"{""12"":0,""20"":0,""22"":0,""28"":0,""30"":1,""50"":0,""56"":0,""65"":0,""89"":1,""104"":0}",1,"[22,50,30,12,104,65,28,89,56,20]",I guess the gold goblet was the best item.,"{""12"":20.277,""20"":4.5,""22"":36.16,""28"":7.827,""30"":28.451,""50"":21.583,""56"":10.371,""65"":11.151,""89"":8.607,""104"":12.821,""tutorial_2A"":45.144,""tutorial_3A"":6.873}","{""2A"":[2],""2BC"":[],""3A"":[],""3BC"":[],""2DE"":[],""3DE"":[],""4DE"":[],""5DE"":[]}",Everything was very easy to understand.
3,A,153,"{""12"":1,""15"":1,""28"":0,""37"":0,""54"":1,""55"":0,""56"":0,""78"":0,""86"":0,""104"":0}",2,"[86,15,104,12,56,37,54,28,78,55]",The map,"{""12"":10.297,""15"":5.56,""28"":4.992,""37"":7.832,""54"":6.201,""55"":5.521,""56"":6.696,""78"":5.36,""86"":7.59,""104"":7.633,""tutorial_2A"":23.538,""tutorial_3A"":4.794}","{""2A"":[2],""2BC"":[],""3A"":[],""3BC"":[],""2DE"":[],""3DE"":[],""4DE"":[],""5DE"":[]}",no questions
4,A,321,"{""5"":1,""26"":1,""27"":0,""29"":1,""62"":0,""64"":0,""70"":0,""86"":0,""93"":1,""98"":0}",1,"[70,98,93,29,62,64,26,27,5,86]",shirt,"{""5"":5.24,""26"":6.424,""27"":6.456,""29"":7.417,""62"":8.176,""64"":10.944,""70"":26.725,""86"":7.72,""93"":16.927,""98"":18.896,""tutorial_2A"":67.303,""tutorial_3A"":4.259}","{""2A"":[2],""2BC"":[],""3A"":[],""3BC"":[],""2DE"":[],""3DE"":[],""4DE"":[],""5DE"":[]}",Easy task
5,A,484,"{""8"":0,""20"":1,""33"":1,""37"":0,""40"":1,""70"":0,""71"":0,""84"":0,""86"":0,""90"":1}",1,"[37,20,71,8,84,40,33,86,90,70]",Rum,"{""8"":9.694,""20"":43.269,""33"":7.697,""37"":55.443,""40"":110.765,""70"":15.587,""71"":9.41,""84"":21.256,""86"":5.65,""90"":11.416,""tutorial_2A"":73.362,""tutorial_3A"":3.153}","{""2A"":[2],""2BC"":[],""3A"":[],""3BC"":[],""2DE"":[],""3DE"":[],""4DE"":[],""5DE"":[]}",N/A
6,A,397,"{""2"":0,""27"":0,""61"":1,""63"":0,""79"":0,""82"":1,""83"":0,""84"":0,""85"":0,""92"":0}",1,"[83,61,27,79,2,85,82,92,84,63]",The trophy looking item.,"{""2"":19.152,""27"":9.108,""61"":6.55,""63"":12.202,""79"":20.326,""82"":27.028,""83"":59.787,""84"":15.137,""85"":16.002,""92"":18.377,""tutorial_2A"":32.882,""tutorial_3A"":2.736}","{""2A"":[2],""2BC"":[],""3A"":[],""3BC"":[],""2DE"":[],""3DE"":[],""4DE"":[],""5DE"":[]}",I don't have any comments or questions.
7,A,469,"{""40"":0,""54"":1,""65"":0,""69"":0,""71"":0,""78"":0,""79"":0,""90"":0,""91"":0,""98"":0}",1,"[40,91,79,90,69,71,78,98,65,54]",Silver,"{""40"":18.718,""54"":5.24,""65"":6.68,""69"":5.936,""71"":8.087,""78"":9.753,""79"":10.841,""90"":9.448,""91"":25.52,""98"":6.56,""tutorial_2A"":18.232,""tutorial_3A"":3.266}","{""2A"":[2],""2BC"":[],""3A"":[],""3BC"":[],""2DE"":[],""3DE"":[],""4DE"":[],""5DE"":[]}",Do pirates really find basketballs
8,A,170,"{""0"":1,""19"":1,""33"":1,""42"":0,""44"":0,""51"":0,""62"":0,""78"":1,""83"":0,""92"":1}",1,"[44,33,42,83,51,62,78,92,19,0]",the diamond,"{""0"":2.766,""19"":1.879,""33"":3.697,""42"":3.075,""44"":8.86,""51"":4.653,""62"":2.333,""78"":3.396,""83"":4.021,""92"":2.865,""tutorial_2A"":53.661,""tutorial_3A"":1.547}","{""2A"":[2],""2BC"":[],""3A"":[],""3BC"":[],""2DE"":[],""3DE"":[],""4DE"":[],""5DE"":[]}",fun survey!
9,A,214,"{""1"":0,""8"":0,""23"":0,""34"":0,""56"":0,""58"":0,""82"":1,""89"":1,""98"":0,""104"":0}",2,"[8,56,1,34,98,104,82,58,89,23]",ring,"{""1"":11.244,""8"":17.21,""23"":8.702,""34"":9.053,""56"":15.43,""58"":9.921,""82"":4.977,""89"":5.225,""98"":5.805,""104"":5.948,""tutorial_2A"":29.694,""tutorial_3A"":2.119}","{""2A"":[2],""2BC"":[],""3A"":[],""3BC"":[],""2DE"":[],""3DE"":[],""4DE"":[],""5DE"":[]}",it was easy
10,A,132,"{""21"":1,""29"":0,""48"":0,""62"":0,""64"":0,""70"":0,""86"":0,""89"":1,""93"":0,""103"":1}",1,"[86,103,93,89,29,48,64,70,21,62]",Silver bars,"{""21"":3.331,""29"":5.292,""48"":8.835,""62"":3.637,""64"":4.868,""70"":6.332,""86"":11.197,""89"":4.756,""93"":7.383,""103"":5.497,""tutorial_2A"":15.868,""tutorial_3A"":4.284}","{""2A"":[2],""2BC"":[],""3A"":[],""3BC"":[],""2DE"":[],""3DE"":[],""4DE"":[],""5DE"":[]}",none
11,A,280,"{""12"":1,""15"":0,""35"":0,""48"":0,""58"":1,""61"":1,""64"":0,""93"":0,""98"":0,""104"":0}",1,"[58,64,98,15,35,93,48,12,61,104]",The diamond.,"{""12"":6.919,""15"":11.426,""35"":4.588,""48"":3.321,""58"":23.797,""61"":6.194,""64"":18.294,""93"":12.196,""98"":8.49,""104"":4.515,""tutorial_2A"":24.488,""tutorial_3A"":4.227}","{""2A"":[2],""2BC"":[],""3A"":[],""3BC"":[],""2DE"":[],""3DE"":[],""4DE"":[],""5DE"":[]}",The pictures of the pirates' faces were well illustrated.
12,A,164,"{""5"":1,""16"":0,""21"":0,""30"":1,""33"":1,""35"":0,""76"":0,""85"":0,""92"":0,""104"":0}",2,"[33,92,104,76,85,30,35,21,16,5]",the silver bar,"{""5"":1.867,""16"":1.497,""21"":1.999,""30"":5.251,""33"":7.323,""35"":2.717,""76"":1.568,""85"":5.952,""92"":3.728,""104"":3.867,""tutorial_2A"":11.568,""tutorial_3A"":2.472}","{""2A"":[2],""2BC"":[],""3A"":[],""3BC"":[],""2DE"":[],""3DE"":[],""4DE"":[],""5DE"":[]}",none
13,A,192,"{""2"":0,""6"":0,""29"":0,""43"":0,""61"":1,""63"":0,""70"":0,""79"":0,""90"":0,""96"":0}",1,"[96,90,6,79,61,70,2,43,63,29]",My favorite was the diamond and my least favorite was the radio,"{""2"":7.589,""6"":21.165,""29"":5.517,""43"":5.841,""61"":5.952,""63"":10.338,""70"":5.961,""79"":4.317,""90"":9.328,""96"":16.717,""tutorial_2A"":24.718,""tutorial_3A"":3.861}","{""2A"":[2],""2BC"":[],""3A"":[],""3BC"":[],""2DE"":[],""3DE"":[],""4DE"":[],""5DE"":[]}",this was easy  thanks
14,A,768,"{""2"":1,""20"":0,""29"":0,""36"":0,""49"":1,""51"":0,""54"":1,""55"":0,""70"":0,""96"":1}",1,"[51,20,36,70,96,49,2,29,54,55]",Trophy.,"{""2"":16.464,""20"":12.348,""29"":9.288,""36"":19.732,""49"":13.588,""51"":102.981,""54"":5.238,""55"":6.43,""70"":9.742,""96"":8.508,""tutorial_2A"":85.153,""tutorial_3A"":6.959}","{""2A"":[2],""2BC"":[],""3A"":[],""3BC"":[],""2DE"":[],""3DE"":[],""4DE"":[],""5DE"":[]}",I also liked the diamond.
15,A,557,"{""5"":1,""9"":0,""47"":1,""56"":1,""69"":1,""71"":0,""78"":1,""79"":1,""84"":1,""104"":1}",2,"[78,84,69,79,9,47,71,104,5,56]","Dimond, Necklace, Doll","{""5"":9.696,""9"":9.392,""47"":21.375,""56"":16.249,""69"":12.873,""71"":8.056,""78"":63.444,""79"":14.536,""84"":22.336,""104"":11.048,""tutorial_2A"":74.626,""tutorial_3A"":7.53}","{""2A"":[2],""2BC"":[],""3A"":[],""3BC"":[],""2DE"":[],""3DE"":[],""4DE"":[],""5DE"":[]}",Interesting survey and also I take the decision according that each one have to got the equal share of the treasure.
16,A,228,"{""5"":1,""9"":0,""49"":0,""51"":1,""57"":0,""63"":0,""76"":0,""92"":0,""96"":1,""104"":0}",2,"[5,104,92,51,49,76,63,9,96,57]",goblet,"{""5"":19.925,""9"":18.008,""49"":4.384,""51"":4.168,""57"":4.649,""63"":19.32,""76"":3.824,""92"":6.088,""96"":3.76,""104"":5.2,""tutorial_2A"":44.362,""tutorial_3A"":7.979}","{""2A"":[2],""2BC"":[],""3A"":[],""3BC"":[],""2DE"":[],""3DE"":[],""4DE"":[],""5DE"":[]}",no
17,A,204,"{""12"":1,""20"":0,""22"":1,""23"":1,""49"":0,""51"":1,""57"":1,""62"":0,""91"":1,""103"":1}",2,"[20,57,12,91,51,23,103,22,49,62]","I loved the radio, because music is one of my favorite things in life.","{""12"":2.431,""20"":12.672,""22"":2.642,""23"":3.049,""49"":3.681,""51"":2.558,""57"":3.171,""62"":2.405,""91"":3.023,""103"":2.704,""tutorial_2A"":57.343,""tutorial_3A"":2.072}","{""2A"":[2],""2BC"":[],""3A"":[],""3BC"":[],""2DE"":[],""3DE"":[],""4DE"":[],""5DE"":[]}",This was a fun survey. I love pirates! Thanks!
18,A,105,"{""7"":0,""8"":0,""9"":0,""20"":0,""21"":0,""47"":1,""51"":0,""64"":0,""90"":0,""103"":1}",2,"[8,20,90,64,51,9,47,21,103,7]",the map,"{""7"":2.56,""8"":11.238,""9"":2.312,""20"":4.471,""21"":2.528,""47"":4.08,""51"":2.783,""64"":2.825,""90"":3.776,""103"":2.4,""tutorial_2A"":24.112,""tutorial_3A"":3.594}","{""2A"":[2],""2BC"":[],""3A"":[],""3BC"":[],""2DE"":[],""3DE"":[],""4DE"":[],""5DE"":[]}",none
19,A,263,"{""6"":0,""20"":0,""36"":1,""50"":1,""56"":0,""68"":1,""72"":0,""91"":1,""93"":1,""96"":1}",1,"[93,6,91,50,68,56,72,20,36,96]",treasure box,"{""6"":19.576,""20"":4.09,""36"":2.488,""50"":20.254,""56"":3.634,""68"":4.16,""72"":3.476,""91"":9.925,""93"":38.268,""96"":2.836,""tutorial_2A"":46.211,""tutorial_3A"":4.113}","{""2A"":[2],""2BC"":[],""3A"":[],""3BC"":[],""2DE"":[],""3DE"":[],""4DE"":[],""5DE"":[]}",thank you
20,A,369,"{""0"":0,""15"":0,""23"":1,""29"":0,""56"":0,""61"":1,""69"":0,""76"":0,""79"":0,""103"":1}",1,"[29,103,79,56,76,15,69,0,23,61]",diamond amulet,"{""0"":5.608,""15"":10.377,""23"":8.496,""29"":26.908,""56"":6.016,""61"":7.728,""69"":4.263,""76"":5.376,""79"":6.112,""103"":5.935,""tutorial_2A"":16.959,""tutorial_3A"":3.333}","{""2A"":[2],""2BC"":[],""3A"":[],""3BC"":[],""2DE"":[],""3DE"":[],""4DE"":[],""5DE"":[]}","as long as I received more than 25% of the total, I was satisfied (assumed it was fair)"
21,A,180,"{""1"":0,""7"":0,""23"":0,""26"":1,""41"":0,""44"":0,""69"":0,""75"":1,""84"":0,""99"":0}",1,"[23,1,7,41,75,44,99,69,84,26]",Diamond,"{""1"":12.68,""7"":7.936,""23"":20.713,""26"":3.09,""41"":11.484,""44"":5.944,""69"":6.471,""75"":7.186,""84"":3.127,""99"":4.5,""tutorial_2A"":24.109,""tutorial_3A"":8.569}","{""2A"":[2],""2BC"":[],""3A"":[],""3BC"":[],""2DE"":[],""3DE"":[],""4DE"":[],""5DE"":[]}",No comments
22,A,296,"{""1"":0,""5"":1,""8"":0,""35"":0,""48"":0,""49"":0,""58"":0,""72"":0,""103"":1,""104"":0}",2,"[58,5,35,49,103,48,104,72,1,8]",shirt,"{""1"":3.015,""5"":11.353,""8"":3.545,""35"":3.287,""48"":4.039,""49"":4.384,""58"":18.594,""72"":4.722,""103"":3.352,""104"":4.624,""tutorial_2A"":64.226,""tutorial_3A"":9.626}","{""2A"":[2],""2BC"":[],""3A"":[],""3BC"":[],""2DE"":[],""3DE"":[],""4DE"":[],""5DE"":[]}",Interesting game. I liked the interface and it was easy to find if the share was acceptable or not. It was fun.
23,A,640,"{""0"":0,""16"":0,""44"":1,""47"":1,""55"":0,""71"":0,""75"":1,""77"":0,""97"":0,""99"":1}",1,"[16,0,71,75,99,97,44,55,77,47]",Diamond and Old coins,"{""0"":16.247,""16"":42.991,""44"":11.919,""47"":8.498,""55"":6.24,""71"":15.768,""75"":13.801,""77"":10.728,""97"":6.066,""99"":11.282,""tutorial_2A"":60.328,""tutorial_3A"":9.955}","{""2A"":[2],""2BC"":[],""3A"":[],""3BC"":[],""2DE"":[],""3DE"":[],""4DE"":[],""5DE"":[]}",This is a nice survey.
24,A,666,"{""20"":0,""35"":0,""42"":0,""43"":0,""47"":1,""72"":0,""75"":1,""83"":0,""86"":0,""92"":1}",1,"[86,42,72,43,47,75,92,20,35,83]",drum containing rum,"{""20"":17.42,""35"":18.975,""42"":4.566,""43"":16.231,""47"":4.378,""72"":4.35,""75"":7.276,""83"":24.81,""86"":38.09,""92"":27.98,""tutorial_2A"":228.452,""tutorial_3A"":3.047}","{""2A"":[2],""2BC"":[],""3A"":[],""3BC"":[],""2DE"":[],""3DE"":[],""4DE"":[],""5DE"":[]}",I answered what was acceptable to me. It doesn't necessarily mean that it was fair for the whole crew! Thank you.
25,A,150,"{""7"":1,""12"":1,""15"":1,""26"":1,""42"":1,""48"":0,""50"":1,""51"":1,""65"":1,""69"":0}",1,"[42,69,65,48,50,15,7,51,26,12]",na,"{""7"":6.684,""12"":5.061,""15"":5.572,""26"":4.896,""42"":14.081,""48"":4.83,""50"":5.098,""51"":4.458,""65"":5.514,""69"":8.388,""tutorial_2A"":20.471,""tutorial_3A"":3.608}","{""2A"":[2],""2BC"":[],""3A"":[],""3BC"":[],""2DE"":[],""3DE"":[],""4DE"":[],""5DE"":[]}",na
26,A,220,"{""0"":0,""20"":0,""43"":0,""56"":0,""58"":0,""68"":0,""72"":0,""76"":0,""78"":0,""82"":0}",3,"[56,72,43,0,20,58,78,68,76,82]",toy,"{""0"":9.664,""20"":2.721,""43"":3.352,""56"":14.085,""58"":3.303,""68"":2.015,""72"":5.407,""76"":5.506,""78"":2.296,""82"":4.648,""tutorial_2A"":6.648,""tutorial_3A"":3.541}","{""2A"":[2],""2BC"":[],""3A"":[],""3BC"":[],""2DE"":[],""3DE"":[],""4DE"":[],""5DE"":[]}",nice
27,A,353,"{""0"":0,""2"":0,""6"":0,""7"":0,""16"":0,""19"":1,""55"":0,""75"":0,""85"":0,""92"":0}",2,"[19,92,55,75,6,2,0,7,85,16]",basketball,"{""0"":8.463,""2"":9.029,""6"":5.724,""7"":14.522,""16"":11.076,""19"":55.333,""55"":15.023,""75"":21.181,""85"":9.664,""92"":14.901,""tutorial_2A"":42.461,""tutorial_3A"":8.457}","{""2A"":[2],""2BC"":[],""3A"":[],""3BC"":[],""2DE"":[],""3DE"":[],""4DE"":[],""5DE"":[]}",none
28,A,400,"{""0"":0,""2"":0,""40"":0,""48"":0,""49"":0,""50"":0,""55"":0,""78"":0,""86"":0,""89"":0}",3,"[78,0,50,55,2,86,48,40,49,89]",: someone or something that is valued highly. treasure. 2 of 2 verb. treasured; treasuring -(?-)ri? : to value highly :,"{""0"":4.792,""2"":3.416,""40"":1.2,""48"":1.224,""49"":1.551,""50"":1.831,""55"":1.841,""78"":3.756,""86"":1.136,""89"":1.697,""tutorial_2A"":2.887,""tutorial_3A"":1.292}","{""2A"":[2],""2BC"":[],""3A"":[],""3BC"":[],""2DE"":[],""3DE"":[],""4DE"":[],""5DE"":[]}",Learning Point--Asking for comments or a reviewI'd be grateful for any comments or suggestions you might have. I'd like to get some feedback on the report before we send it out. Please let me know if you'd like to propose any changes.
29,A,355,"{""5"":1,""21"":0,""27"":0,""37"":0,""48"":0,""54"":1,""63"":0,""64"":0,""92"":0,""100"":0}",2,"[27,64,54,5,21,92,100,63,37,48]",jewelry,"{""5"":6.343,""21"":6.929,""27"":27.481,""37"":11.399,""48"":8.241,""54"":6.008,""63"":15.663,""64"":27.502,""92"":23.326,""100"":8.785,""tutorial_2A"":44.102,""tutorial_3A"":7.647}","{""2A"":[2],""2BC"":[],""3A"":[],""3BC"":[],""2DE"":[],""3DE"":[],""4DE"":[],""5DE"":[]}",no comments
30,A,547,"{""6"":0,""14"":0,""16"":0,""50"":0,""64"":0,""68"":1,""69"":0,""84"":0,""96"":1,""100"":0}",1,"[68,14,6,16,100,96,69,84,64,50]",Blue Diamond,"{""6"":31.225,""14"":31.671,""16"":15.895,""50"":29.648,""64"":15.072,""68"":115.396,""69"":13.296,""84"":15.456,""96"":17.344,""100"":16.152,""tutorial_2A"":55.168,""tutorial_3A"":5.861}","{""2A"":[2],""2BC"":[],""3A"":[],""3BC"":[],""2DE"":[],""3DE"":[],""4DE"":[],""5DE"":[]}","if the Share value equal, i accept it otherwise no. Nut if my share value increases i accept it."
31,B,300,"{""38"":1,""45"":1,""57"":0,""63"":0,""64"":0,""81"":0,""93"":0,""102"":0,""121"":1,""133"":0}",1,"[57,93,64,102,81,121,133,63,45,38]","The one that's worth the most, I can't remember which one it was.","{""38"":5.318,""45"":4.171,""57"":19.358,""63"":3.78,""64"":7.619,""81"":5,""93"":8.47,""102"":9.522,""121"":4.387,""133"":7.414,""tutorial_2BC"":26.457,""tutorial_3BC"":2.059}","{""2A"":[],""2BC"":[2],""3A"":[],""3BC"":[],""2DE"":[],""3DE"":[],""4DE"":[],""5DE"":[]}",None
32,B,186,"{""36"":0,""46"":0,""49"":0,""58"":1,""80"":0,""120"":1,""126"":0,""129"":0,""130"":0,""135"":0}",2,"[58,130,80,46,129,36,120,49,135,126]","I guess basketball, because its a fun item you can play with.","{""36"":10.889,""46"":9.982,""49"":14.429,""58"":13.025,""80"":7.75,""120"":9.107,""126"":5.19,""129"":13.043,""130"":10.559,""135"":5.963,""tutorial_2BC"":16.936,""tutorial_3BC"":2.738}","{""2A"":[],""2BC"":[2],""3A"":[],""3BC"":[],""2DE"":[],""3DE"":[],""4DE"":[],""5DE"":[]}",Seemed straightforward enough. Cheers.
33,B,458,"{""65"":0,""66"":1,""72"":0,""91"":0,""106"":0,""109"":1,""126"":0,""130"":1,""134"":0,""136"":1}",2,"[134,109,91,66,72,106,65,136,130,126]",Rum,"{""65"":14.401,""66"":25.641,""72"":34.543,""91"":13.568,""106"":10.351,""109"":40.16,""126"":17.08,""130"":14.183,""134"":26.918,""136"":14.008,""tutorial_2BC"":57.248,""tutorial_3BC"":7.227}","{""2A"":[],""2BC"":[2],""3A"":[],""3BC"":[],""2DE"":[],""3DE"":[],""4DE"":[],""5DE"":[]}","I wanted to be fair when determining if my amount was acceptable. I found that when there was a large disparity, it was unacceptable."
34,B,113,"{""58"":0,""63"":0,""79"":0,""80"":0,""84"":0,""87"":0,""106"":0,""123"":0,""130"":0,""134"":0}",1,"[123,80,134,79,63,87,130,58,106,84]",basketball,"{""58"":2.907,""63"":3.859,""79"":2.741,""80"":3.713,""84"":2.475,""87"":4.87,""106"":2.798,""123"":13.29,""130"":2.545,""134"":5.308,""tutorial_2BC"":17.76,""tutorial_3BC"":3.104}","{""2A"":[],""2BC"":[2],""3A"":[],""3BC"":[],""2DE"":[],""3DE"":[],""4DE"":[],""5DE"":[]}",None
35,B,175,"{""38"":1,""39"":0,""43"":0,""51"":0,""85"":0,""91"":0,""105"":0,""122"":0,""128"":0,""130"":0}",1,"[105,85,43,91,128,39,38,130,51,122]",I liked the diamond,"{""38"":4.855,""39"":4.12,""43"":3.591,""51"":5.039,""85"":9.727,""91"":3.84,""105"":21.794,""122"":4.329,""128"":5.52,""130"":3.257,""tutorial_2BC"":40.231,""tutorial_3BC"":3.536}","{""2A"":[],""2BC"":[2],""3A"":[],""3BC"":[],""2DE"":[],""3DE"":[],""4DE"":[],""5DE"":[]}",No questions I think everything went fine
36,B,413,"{""51"":0,""53"":0,""59"":0,""64"":0,""72"":0,""98"":0,""105"":0,""106"":0,""109"":0,""136"":0}",1,"[105,59,51,72,98,109,106,64,136,53]",I didn't look at item names just values,"{""51"":4.133,""53"":3.831,""59"":5.173,""64"":4.034,""72"":3.834,""98"":3.802,""105"":13.173,""106"":3.88,""109"":3.599,""136"":4.351,""tutorial_2BC"":23.127,""tutorial_3BC"":5.315}","{""2A"":[],""2BC"":[2],""3A"":[],""3BC"":[],""2DE"":[],""3DE"":[],""4DE"":[],""5DE"":[]}",thanks
37,B,158,"{""56"":0,""57"":1,""58"":0,""64"":0,""67"":0,""77"":0,""88"":0,""101"":1,""114"":1,""136"":0}",2,"[114,67,77,56,58,64,57,101,136,88]",Basketball,"{""56"":4.522,""57"":5.62,""58"":5.677,""64"":4.201,""67"":5.691,""77"":5.05,""88"":4.127,""101"":5.493,""114"":17.378,""136"":5.392,""tutorial_2BC"":20.092,""tutorial_3BC"":3.244}","{""2A"":[],""2BC"":[2],""3A"":[],""3BC"":[],""2DE"":[],""3DE"":[],""4DE"":[],""5DE"":[]}",None
38,B,214,"{""37"":0,""46"":1,""50"":0,""79"":0,""113"":0,""116"":0,""122"":0,""126"":0,""129"":0,""133"":0}",2,"[37,122,50,126,133,46,129,79,116,113]",Rum,"{""37"":28.507,""46"":7.602,""50"":10.842,""79"":8.078,""113"":7.162,""116"":8.598,""122"":15.116,""126"":10.715,""129"":4.468,""133"":10.368,""tutorial_2BC"":41.947,""tutorial_3BC"":4.16}","{""2A"":[],""2BC"":[2],""3A"":[],""3BC"":[],""2DE"":[],""3DE"":[],""4DE"":[],""5DE"":[]}",No comment
39,B,176,"{""36"":0,""42"":0,""44"":0,""60"":0,""63"":0,""92"":0,""101"":0,""128"":0,""130"":0,""136"":0}",1,"[60,101,36,63,44,92,136,128,42,130]",Rum,"{""36"":6.232,""42"":5.672,""44"":6.184,""60"":12.701,""63"":5.119,""92"":6.152,""101"":8.8,""128"":6.16,""130"":6.064,""136"":5.224,""tutorial_2BC"":16.199,""tutorial_3BC"":2.507}","{""2A"":[],""2BC"":[2],""3A"":[],""3BC"":[],""2DE"":[],""3DE"":[],""4DE"":[],""5DE"":[]}","Fair pay, clear explanation, all around great study experience."
40,B,218,"{""60"":0,""94"":1,""107"":0,""112"":0,""113"":1,""119"":0,""134"":0,""135"":1,""136"":0,""137"":0}",1,"[113,137,112,107,119,94,135,134,136,60]",gem stones,"{""60"":5.973,""94"":7.714,""107"":6.507,""112"":7.166,""113"":30.542,""119"":11.443,""134"":5.295,""135"":6.219,""136"":5.912,""137"":9.604,""tutorial_2BC"":32.434,""tutorial_3BC"":4.665}","{""2A"":[],""2BC"":[3,2],""3A"":[],""3BC"":[],""2DE"":[],""3DE"":[],""4DE"":[],""5DE"":[]}",None
41,B,241,"{""42"":0,""50"":0,""53"":0,""87"":0,""94"":1,""99"":0,""105"":0,""114"":0,""121"":1,""123"":0}",2,"[42,105,121,123,87,114,94,99,50,53]",The diamond because it looked the most expensive.,"{""42"":36.711,""50"":5.608,""53"":3.85,""87"":13.484,""94"":7.053,""99"":7.726,""105"":19.862,""114"":8.313,""121"":12.811,""123"":8.082,""tutorial_2BC"":30.971,""tutorial_3BC"":6.507}","{""2A"":[],""2BC"":[2],""3A"":[],""3BC"":[],""2DE"":[],""3DE"":[],""4DE"":[],""5DE"":[]}",No comments
42,B,281,"{""36"":0,""58"":0,""71"":0,""79"":0,""80"":0,""84"":0,""88"":0,""94"":1,""126"":0,""137"":0}",1,"[36,84,58,80,79,94,126,71,137,88]",necklace,"{""36"":18.886,""58"":4.005,""71"":4.645,""79"":5.995,""80"":4.187,""84"":4.257,""88"":2.724,""94"":5.234,""126"":3.212,""137"":2.276,""tutorial_2BC"":24.713,""tutorial_3BC"":2.239}","{""2A"":[],""2BC"":[2],""3A"":[],""3BC"":[],""2DE"":[],""3DE"":[],""4DE"":[],""5DE"":[]}","none, everything was great!"
43,B,300,"{""49"":0,""63"":0,""72"":0,""81"":0,""85"":0,""87"":1,""116"":0,""128"":1,""129"":1,""134"":0}",3,"[81,72,49,134,87,129,128,63,116,85]",diamond,"{""49"":7.25,""63"":8.866,""72"":18.007,""81"":41.924,""85"":11.136,""87"":12.846,""116"":5.95,""128"":6.919,""129"":6.84,""134"":10.459,""tutorial_2BC"":24.022,""tutorial_3BC"":5.345}","{""2A"":[],""2BC"":[2],""3A"":[],""3BC"":[],""2DE"":[],""3DE"":[],""4DE"":[],""5DE"":[]}",I was aiming for more equal allotment than certain treasure item
44,B,555,"{""38"":1,""50"":0,""56"":0,""70"":0,""78"":1,""93"":1,""102"":0,""116"":0,""122"":0,""135"":0}",3,"[56,50,38,102,93,116,78,70,135,122]",Diamond,"{""38"":23.664,""50"":37.728,""56"":53.707,""70"":39.048,""78"":16.16,""93"":12.52,""102"":6.272,""116"":5.728,""122"":20.216,""135"":9.064,""tutorial_2BC"":80.543,""tutorial_3BC"":6.661}","{""2A"":[],""2BC"":[2],""3A"":[],""3BC"":[],""2DE"":[],""3DE"":[],""4DE"":[],""5DE"":[]}",Interesting survey
45,B,551,"{""56"":0,""57"":1,""58"":1,""84"":0,""87"":1,""108"":1,""121"":1,""123"":0,""127"":1,""130"":0}",3,"[121,58,84,56,130,127,108,57,123,87]",Radio,"{""56"":24.945,""57"":17.44,""58"":34.664,""84"":17.39,""87"":14.201,""108"":11.992,""121"":54.957,""123"":20.063,""127"":22.977,""130"":20.784,""tutorial_2BC"":70.716,""tutorial_3BC"":8.227}","{""2A"":[],""2BC"":[2],""3A"":[],""3BC"":[],""2DE"":[],""3DE"":[],""4DE"":[],""5DE"":[]}",no issues
46,B,428,"{""39"":1,""44"":0,""46"":1,""65"":0,""70"":0,""71"":0,""92"":0,""101"":0,""112"":0,""129"":0}",2,"[70,112,101,129,39,44,71,92,65,46]",the silver bars,"{""39"":17.344,""44"":17.102,""46"":37.869,""65"":22.832,""70"":36.301,""71"":15.953,""92"":22.448,""101"":31.894,""112"":32.872,""129"":18.727,""tutorial_2BC"":43.824,""tutorial_3BC"":6.29}","{""2A"":[],""2BC"":[2],""3A"":[],""3BC"":[],""2DE"":[],""3DE"":[],""4DE"":[],""5DE"":[]}",I didn't have any problems.
47,B,612,"{""37"":1,""57"":1,""64"":1,""102"":0,""115"":1,""121"":1,""123"":0,""126"":1,""133"":0,""136"":1}",1,"[102,126,123,57,136,133,37,121,115,64]",Basketball,"{""37"":3.28,""57"":3.883,""64"":3.8,""102"":22.077,""115"":3.36,""121"":4.936,""123"":4.447,""126"":6.033,""133"":4.183,""136"":3.702,""tutorial_2BC"":29.327,""tutorial_3BC"":2.243}","{""2A"":[],""2BC"":[2],""3A"":[],""3BC"":[],""2DE"":[],""3DE"":[],""4DE"":[],""5DE"":[]}",Thanks.
48,B,347,"{""50"":0,""66"":0,""70"":0,""74"":0,""100"":0,""106"":0,""114"":0,""122"":0,""133"":0,""137"":0}",2,"[133,100,114,137,50,106,66,74,70,122]","If it were real life I'd like the gemstone, but I think it was one of the least valuable. Some were worth about $40, so I would like those best for the monetary value. I was paying more attention to the monetary value of the items than the individual items.","{""50"":8.928,""66"":6.88,""70"":8.271,""74"":8.089,""100"":9.488,""106"":6.432,""114"":9.176,""122"":9.768,""133"":23.053,""137"":7.784,""tutorial_2BC"":40.759,""tutorial_3BC"":3.603}","{""2A"":[],""2BC"":[2],""3A"":[],""3BC"":[],""2DE"":[],""3DE"":[],""4DE"":[],""5DE"":[]}","In real life I would hope the bounty would be split more evenly. It seemed like it was usually pretty fair for me, but not always for the other pirates. Best wishes with your research!"
49,B,204,"{""35"":0,""58"":0,""63"":0,""64"":0,""65"":0,""88"":0,""92"":0,""101"":0,""108"":0,""130"":0}",1,"[63,64,92,108,65,88,58,101,35,130]",The necklace was really nice.,"{""35"":4.28,""58"":3.913,""63"":14.999,""64"":7.34,""65"":6.855,""88"":3.846,""92"":8.12,""101"":4.791,""108"":3.849,""130"":4.41,""tutorial_2BC"":23.464,""tutorial_3BC"":1.709}","{""2A"":[],""2BC"":[2],""3A"":[],""3BC"":[],""2DE"":[],""3DE"":[],""4DE"":[],""5DE"":[]}","No comment, this was a great and fun task though. Thank you for allowing Mturk workers to help with research!"
50,B,674,"{""38"":1,""57"":0,""65"":0,""77"":0,""80"":0,""88"":0,""93"":0,""106"":0,""112"":0,""137"":0}",1,"[112,57,93,80,88,77,106,137,38,65]","Necklace, looked diamond","{""38"":4.743,""57"":17.717,""65"":3.836,""77"":5.893,""80"":4.825,""88"":9.28,""93"":15.569,""106"":5.04,""112"":18.873,""137"":3.828,""tutorial_2BC"":25.394,""tutorial_3BC"":4.609}","{""2A"":[],""2BC"":[2],""3A"":[],""3BC"":[],""2DE"":[],""3DE"":[],""4DE"":[],""5DE"":[]}",Seemed pretty straight forward
51,B,175,"{""43"":0,""45"":0,""60"":0,""65"":0,""70"":0,""74"":0,""108"":0,""112"":0,""128"":0,""134"":0}",1,"[70,128,74,134,45,60,112,108,43,65]","I honestly didn't look closely at the treasure items, I simply looked at the value and my cut of the share.  Would need to go back and look at them all closely to pick a favorite.","{""43"":1.613,""45"":2.902,""60"":3.124,""65"":2.341,""70"":15.19,""74"":3.317,""108"":1.651,""112"":1.694,""128"":3.832,""134"":2.874,""tutorial_2BC"":9.589,""tutorial_3BC"":1.962}","{""2A"":[],""2BC"":[3,2],""3A"":[],""3BC"":[],""2DE"":[],""3DE"":[],""4DE"":[],""5DE"":[]}",Thank you and have a lovely spring.
52,B,880,"{""38"":0,""43"":0,""46"":0,""57"":0,""63"":0,""93"":0,""102"":0,""115"":0,""126"":0,""135"":0}",2,"[38,63,43,57,46,115,135,102,93,126]",Diamond,"{""38"":13.09,""43"":8.195,""46"":3.518,""57"":2.788,""63"":3.191,""93"":3.47,""102"":2.054,""115"":6.086,""126"":3.146,""135"":2.067,""tutorial_2BC"":8.068,""tutorial_3BC"":1.205}","{""2A"":[],""2BC"":[2],""3A"":[],""3BC"":[],""2DE"":[],""3DE"":[],""4DE"":[],""5DE"":[]}",thanks
53,B,517,"{""46"":0,""50"":0,""56"":0,""58"":0,""67"":0,""80"":0,""112"":0,""114"":0,""115"":0,""120"":0}",1,"[56,120,46,58,112,80,67,114,115,50]",blue diamond,"{""46"":7.587,""50"":10.846,""56"":12.004,""58"":8.571,""67"":2.85,""80"":4.096,""112"":3.904,""114"":4.577,""115"":6.916,""120"":18.145,""tutorial_2BC"":22.224,""tutorial_3BC"":2.655}","{""2A"":[],""2BC"":[2],""3A"":[],""3BC"":[],""2DE"":[],""3DE"":[],""4DE"":[],""5DE"":[]}",none
54,B,365,"{""45"":1,""65"":0,""70"":0,""98"":0,""102"":0,""107"":0,""109"":0,""113"":0,""120"":0,""129"":0}",2,"[102,45,70,65,113,120,107,129,98,109]",Diamond,"{""45"":19.558,""65"":6.664,""70"":42.674,""98"":4.608,""102"":52.193,""107"":8.416,""109"":6.4,""113"":10.512,""120"":14.408,""129"":14.374,""tutorial_2BC"":73.237,""tutorial_3BC"":11.689}","{""2A"":[],""2BC"":[2],""3A"":[],""3BC"":[],""2DE"":[],""3DE"":[],""4DE"":[],""5DE"":[]}",None
55,B,218,"{""38"":1,""50"":0,""72"":1,""84"":0,""86"":0,""99"":0,""115"":1,""116"":0,""126"":0,""137"":0}",3,"[126,99,86,50,84,115,38,137,116,72]",Rum,"{""38"":5.568,""50"":10.336,""72"":9.379,""84"":5.591,""86"":16.424,""99"":11.624,""115"":22.873,""116"":6.733,""126"":24.081,""137"":4.855,""tutorial_2BC"":30.536,""tutorial_3BC"":5.295}","{""2A"":[],""2BC"":[2],""3A"":[],""3BC"":[],""2DE"":[],""3DE"":[],""4DE"":[],""5DE"":[]}",Interesting choices to be made!
56,B,227,"{""43"":0,""46"":0,""66"":0,""70"":0,""72"":1,""79"":1,""84"":0,""87"":1,""120"":1,""137"":0}",1,"[66,46,87,43,137,120,79,70,72,84]","diamonds, because they are pretty.","{""43"":3.751,""46"":2.773,""66"":7.932,""70"":2.374,""72"":2.955,""79"":2.368,""84"":2.638,""87"":5.729,""120"":3.118,""137"":2.462,""tutorial_2BC"":7.613,""tutorial_3BC"":1.159}","{""2A"":[],""2BC"":[2],""3A"":[],""3BC"":[],""2DE"":[],""3DE"":[],""4DE"":[],""5DE"":[]}",fun and simple task.
57,B,449,"{""52"":0,""53"":0,""56"":0,""58"":0,""81"":0,""87"":0,""92"":0,""93"":0,""119"":0,""127"":0}",1,"[52,58,93,81,127,53,92,119,87,56]",basketball,"{""52"":39.084,""53"":5.32,""56"":4.557,""58"":20.649,""81"":13.181,""87"":5.26,""92"":4.5,""93"":26.408,""119"":4.096,""127"":4.762,""tutorial_2BC"":55.592,""tutorial_3BC"":6.689}","{""2A"":[],""2BC"":[2],""3A"":[],""3BC"":[],""2DE"":[],""3DE"":[],""4DE"":[],""5DE"":[]}",n/a
58,B,148,"{""39"":0,""45"":1,""51"":0,""64"":0,""66"":0,""88"":0,""105"":0,""107"":0,""119"":0,""134"":0}",1,"[64,88,66,105,51,39,45,134,119,107]",necklace,"{""39"":4.761,""45"":5.319,""51"":3.495,""64"":17.449,""66"":7.448,""88"":8.679,""105"":3.985,""107"":3.28,""119"":3.544,""134"":7.704,""tutorial_2BC"":30.008,""tutorial_3BC"":3.623}","{""2A"":[],""2BC"":[2],""3A"":[],""3BC"":[],""2DE"":[],""3DE"":[],""4DE"":[],""5DE"":[]}",nice and fast
59,B,317,"{""43"":0,""45"":0,""57"":0,""73"":0,""79"":0,""95"":0,""107"":0,""112"":1,""126"":0,""137"":1}",2,"[126,45,107,137,43,112,79,73,57,95]",The stack of silver bars.,"{""43"":12.219,""45"":23.235,""57"":5.464,""73"":5.847,""79"":47.296,""95"":16.704,""107"":12.912,""112"":5.561,""126"":44.177,""137"":10.12,""tutorial_2BC"":35.355,""tutorial_3BC"":3.211}","{""2A"":[],""2BC"":[2],""3A"":[],""3BC"":[],""2DE"":[],""3DE"":[],""4DE"":[],""5DE"":[]}","often my share was fair, although the distribution was not."
60,B,509,"{""36"":0,""46"":0,""52"":1,""56"":0,""79"":1,""86"":0,""102"":0,""105"":0,""115"":1,""134"":0}",3,"[46,102,52,79,134,86,56,115,36,105]","Necklace, Diamond, Trophy","{""36"":73.297,""46"":30.042,""52"":25.072,""56"":9.253,""79"":11.666,""86"":8.229,""102"":8.453,""105"":25.58,""115"":44.853,""134"":70.533,""tutorial_2BC"":20.104,""tutorial_3BC"":3.949}","{""2A"":[],""2BC"":[2],""3A"":[],""3BC"":[],""2DE"":[],""3DE"":[],""4DE"":[],""5DE"":[]}","Innovative survey, like the concept."
61,C,109,"{""39"":0,""44"":1,""63"":3,""64"":3,""81"":0,""93"":2,""101"":2,""108"":3,""119"":0,""120"":1}",1,"[44,39,81,101,63,93,64,108,120,119]",I liked the bars of silver.,"{""39"":6.496,""44"":12.55,""63"":3.8,""64"":3.999,""81"":4.272,""93"":3.504,""101"":3.712,""108"":3.672,""119"":3.296,""120"":4.048,""tutorial_2BC"":18.776,""tutorial_3BC"":4.69}","{""2A"":[],""2BC"":[2],""3A"":[],""3BC"":[],""2DE"":[],""3DE"":[],""4DE"":[],""5DE"":[]}",This was very fun.   Thank you.
62,C,175,"{""39"":0,""42"":1,""43"":3,""59"":3,""80"":2,""84"":3,""93"":2,""95"":0,""127"":1,""128"":3}",1,"[59,128,80,127,84,93,43,39,95,42]",rum,"{""39"":5.103,""42"":6.013,""43"":4.953,""59"":31.464,""80"":9.127,""84"":8.439,""93"":7.028,""95"":4.765,""127"":7.954,""128"":10.533,""tutorial_2BC"":21.433,""tutorial_3BC"":2.703}","{""2A"":[],""2BC"":[2],""3A"":[],""3BC"":[],""2DE"":[],""3DE"":[],""4DE"":[],""5DE"":[]}",It was fun
63,C,255,"{""35"":0,""36"":2,""42"":1,""53"":2,""66"":2,""79"":2,""107"":1,""120"":0,""122"":1,""137"":0}",3,"[53,137,107,122,35,79,120,36,66,42]",necklace,"{""35"":10.005,""36"":15.821,""42"":22.837,""53"":13.051,""66"":16.799,""79"":4.124,""107"":12.065,""120"":10.199,""122"":12.283,""137"":15.215,""tutorial_2BC"":35.82,""tutorial_3BC"":3.149}","{""2A"":[],""2BC"":[2],""3A"":[],""3BC"":[],""2DE"":[],""3DE"":[],""4DE"":[],""5DE"":[]}",none
64,C,252,"{""49"":0,""57"":3,""58"":3,""74"":0,""79"":3,""80"":0,""92"":0,""115"":1,""119"":0,""123"":0}",2,"[58,123,79,92,80,115,74,49,119,57]","I didn't have a specific favorite, I judged them by value. I liked the look of the silver bars","{""49"":7.176,""57"":5.155,""58"":65.126,""74"":5.106,""79"":14.591,""80"":5.787,""92"":4.999,""115"":7.731,""119"":3.33,""123"":10.975,""tutorial_2BC"":34.341,""tutorial_3BC"":5.009}","{""2A"":[],""2BC"":[2],""3A"":[],""3BC"":[],""2DE"":[],""3DE"":[],""4DE"":[],""5DE"":[]}",No comments
65,C,302,"{""37"":0,""43"":3,""46"":0,""56"":0,""58"":2,""73"":3,""101"":2,""120"":1,""126"":2,""137"":0}",1,"[101,73,137,58,46,120,37,126,43,56]",i LIKE THE SILVER BARS,"{""37"":6.852,""43"":8.672,""46"":11.968,""56"":9.336,""58"":13.724,""73"":15.276,""101"":36.469,""120"":8.716,""126"":10.312,""137"":36.819,""tutorial_2BC"":33.048,""tutorial_3BC"":5.507}","{""2A"":[],""2BC"":[2],""3A"":[],""3BC"":[],""2DE"":[],""3DE"":[],""4DE"":[],""5DE"":[]}",NO COMMENT OR QUESTIONS CONCERNING THE SURVEY.
66,C,166,"{""37"":2,""38"":3,""51"":2,""81"":0,""85"":1,""108"":3,""112"":1,""116"":0,""126"":2,""127"":1}",2,"[51,38,126,37,108,127,116,85,81,112]",Rum,"{""37"":5.452,""38"":6.46,""51"":15.505,""81"":5.096,""85"":9.03,""108"":9.127,""112"":5.739,""116"":4.726,""126"":5.91,""127"":5.65,""tutorial_2BC"":22.094,""tutorial_3BC"":2.652}","{""2A"":[],""2BC"":[2],""3A"":[],""3BC"":[],""2DE"":[],""3DE"":[],""4DE"":[],""5DE"":[]}","No questions, it all went very smoothly."
67,C,294,"{""39"":0,""43"":3,""58"":2,""67"":0,""70"":2,""73"":3,""79"":3,""87"":2,""99"":2,""133"":0}",1,"[99,67,39,70,133,43,73,79,87,58]",the blue jewel,"{""39"":11.654,""43"":10.224,""58"":7.154,""67"":19.021,""70"":10.598,""73"":8.133,""79"":11.094,""87"":7.182,""99"":24.54,""133"":8.078,""tutorial_2BC"":51.069,""tutorial_3BC"":2.55}","{""2A"":[],""2BC"":[2],""3A"":[],""3BC"":[],""2DE"":[],""3DE"":[],""4DE"":[],""5DE"":[]}",Can you keep a lower value treasure if it has items you like?
68,C,174,"{""63"":3,""79"":3,""81"":0,""85"":1,""86"":2,""87"":2,""99"":2,""112"":1,""115"":1,""123"":0}",2,"[81,85,115,112,63,99,87,123,79,86]",silver,"{""63"":5.791,""79"":3.718,""81"":21.736,""85"":10.256,""86"":3.807,""87"":3.579,""99"":15.246,""112"":5.14,""115"":11.178,""123"":7.802,""tutorial_2BC"":27.839,""tutorial_3BC"":1.762}","{""2A"":[],""2BC"":[2],""3A"":[],""3BC"":[],""2DE"":[],""3DE"":[],""4DE"":[],""5DE"":[]}",n/a
69,C,592,"{""35"":2,""39"":0,""43"":3,""50"":1,""59"":3,""74"":0,""77"":2,""80"":0,""86"":2,""100"":2}",1,"[59,80,77,100,50,43,86,74,35,39]",Didn't have a favorite as I went by total value,"{""35"":3.891,""39"":3.673,""43"":5.394,""50"":4.417,""59"":11.792,""74"":3.894,""77"":7.07,""80"":10.575,""86"":4.087,""100"":10.184,""tutorial_2BC"":89.486,""tutorial_3BC"":3.246}","{""2A"":[],""2BC"":[2],""3A"":[],""3BC"":[],""2DE"":[],""3DE"":[],""4DE"":[],""5DE"":[]}",easy to understand
70,C,344,"{""50"":0,""53"":0,""80"":0,""84"":0,""109"":0,""114"":0,""121"":2,""126"":0,""129"":0,""134"":1}",2,"[84,134,129,109,114,50,80,121,53,126]",Diamond,"{""50"":9.751,""53"":5.64,""80"":10.6,""84"":83.043,""109"":10.112,""114"":8.048,""121"":9.45,""126"":7.486,""129"":14.944,""134"":31.247,""tutorial_2BC"":40.024,""tutorial_3BC"":4.027}","{""2A"":[],""2BC"":[2],""3A"":[],""3BC"":[],""2DE"":[],""3DE"":[],""4DE"":[],""5DE"":[]}",Fun survey
71,C,212,"{""38"":2,""51"":3,""53"":0,""58"":0,""77"":0,""98"":0,""99"":0,""102"":0,""113"":2,""122"":0}",3,"[99,102,122,98,38,51,58,77,113,53]",I  liked the diamond necklace.,"{""38"":6.68,""51"":6.512,""53"":4.223,""58"":6.512,""77"":6.809,""98"":5.696,""99"":39.652,""102"":7.816,""113"":5.423,""122"":6.592,""tutorial_2BC"":20.071,""tutorial_3BC"":3.79}","{""2A"":[],""2BC"":[2],""3A"":[],""3BC"":[],""2DE"":[],""3DE"":[],""4DE"":[],""5DE"":[]}",Fun experience.
72,C,374,"{""38"":3,""44"":1,""49"":3,""53"":0,""65"":3,""66"":2,""85"":1,""109"":0,""133"":0,""134"":1}",1,"[85,44,49,109,134,66,65,133,38,53]",I didn't have one,"{""38"":13.526,""44"":17.79,""49"":14.613,""53"":66.695,""65"":3.975,""66"":7.095,""85"":30.435,""109"":11.271,""133"":5.335,""134"":5.608,""tutorial_2BC"":25.901,""tutorial_3BC"":1.8}","{""2A"":[],""2BC"":[2],""3A"":[],""3BC"":[],""2DE"":[],""3DE"":[],""4DE"":[],""5DE"":[]}",I have no comment
73,C,185,"{""50"":1,""52"":2,""60"":0,""63"":3,""74"":0,""79"":3,""84"":0,""100"":2,""106"":0,""136"":1}",2,"[136,106,100,50,63,74,79,60,52,84]",rum,"{""50"":6.481,""52"":6.126,""60"":4.93,""63"":6.169,""74"":6.736,""79"":6.297,""84"":5.161,""100"":15.712,""106"":10.764,""136"":18.283,""tutorial_2BC"":27.654,""tutorial_3BC"":2.813}","{""2A"":[],""2BC"":[2],""3A"":[],""3BC"":[],""2DE"":[],""3DE"":[],""4DE"":[],""5DE"":[]}",easy to understand and complete
74,C,291,"{""45"":1,""57"":3,""58"":2,""63"":3,""72"":2,""113"":1,""123"":0,""126"":2,""130"":0,""136"":1}",1,"[130,57,63,113,58,126,123,136,72,45]",any of the higher values items,"{""45"":12.617,""57"":14.762,""58"":9.065,""63"":8.377,""72"":8.833,""113"":12.321,""123"":8.785,""126"":8.329,""130"":52.771,""136"":7.872,""tutorial_2BC"":37.02,""tutorial_3BC"":3.41}","{""2A"":[],""2BC"":[2],""3A"":[],""3BC"":[],""2DE"":[],""3DE"":[],""4DE"":[],""5DE"":[]}",odd survey
75,C,331,"{""38"":3,""44"":1,""56"":0,""57"":3,""74"":1,""85"":1,""98"":0,""128"":3,""129"":2,""137"":0}",3,"[137,98,38,56,128,85,74,44,129,57]",The Map,"{""38"":39.672,""44"":9.301,""56"":6.127,""57"":29.92,""74"":14.135,""85"":5.617,""98"":53.154,""128"":7.507,""129"":6.567,""137"":27.898,""tutorial_2BC"":39.62,""tutorial_3BC"":13.024}","{""2A"":[],""2BC"":[2],""3A"":[],""3BC"":[],""2DE"":[],""3DE"":[],""4DE"":[],""5DE"":[]}",I often wondered what the future value would be of the items.
76,C,90,"{""44"":1,""49"":3,""60"":0,""70"":1,""87"":2,""107"":3,""113"":1,""116"":1,""134"":1,""136"":1}",3,"[87,113,70,44,116,134,60,136,49,107]",the gem stone,"{""44"":1.533,""49"":1.533,""60"":3.594,""70"":1.533,""87"":12.617,""107"":1.534,""113"":3.519,""116"":2.319,""134"":1.612,""136"":1.36,""tutorial_2BC"":14.38,""tutorial_3BC"":1.311}","{""2A"":[],""2BC"":[2],""3A"":[],""3BC"":[],""2DE"":[],""3DE"":[],""4DE"":[],""5DE"":[]}",interesting and fun study!
77,C,219,"{""35"":2,""36"":1,""56"":0,""73"":3,""78"":3,""101"":2,""109"":0,""114"":1,""123"":0,""128"":3}",3,"[123,78,101,73,35,114,109,56,36,128]",Diamond Necklace,"{""35"":11.316,""36"":3.139,""56"":5.177,""73"":17.393,""78"":21.758,""101"":26.001,""109"":3.647,""114"":3.321,""123"":25.987,""128"":2.63,""tutorial_2BC"":29.004,""tutorial_3BC"":1.28}","{""2A"":[],""2BC"":[3,2],""3A"":[],""3BC"":[],""2DE"":[],""3DE"":[],""4DE"":[],""5DE"":[]}",none
78,C,465,"{""44"":1,""57"":0,""73"":3,""74"":0,""84"":0,""85"":1,""87"":0,""105"":0,""109"":0,""121"":3}",3,"[74,84,109,85,105,73,87,121,57,44]",Diamond,"{""44"":12.793,""57"":16.255,""73"":14.796,""74"":33.153,""84"":46.903,""85"":17.867,""87"":12.044,""105"":9.637,""109"":14.633,""121"":15.936,""tutorial_2BC"":70.476,""tutorial_3BC"":5.312}","{""2A"":[],""2BC"":[2],""3A"":[],""3BC"":[],""2DE"":[],""3DE"":[],""4DE"":[],""5DE"":[]}",Its really a nice and unique experiment i have ever participated. Thank you.
79,C,205,"{""37"":2,""50"":1,""52"":2,""63"":3,""71"":1,""88"":1,""95"":0,""100"":2,""115"":1,""119"":0}",1,"[52,100,88,63,119,50,95,115,37,71]",The rum crate !,"{""37"":1.966,""50"":2.574,""52"":24.333,""63"":3.003,""71"":5.333,""88"":4.217,""95"":2.252,""100"":5.238,""115"":2.362,""119"":2.653,""tutorial_2BC"":11.948,""tutorial_3BC"":1.281}","{""2A"":[],""2BC"":[2],""3A"":[],""3BC"":[],""2DE"":[],""3DE"":[],""4DE"":[],""5DE"":[]}",None
80,C,244,"{""36"":1,""45"":1,""64"":3,""74"":0,""101"":0,""105"":0,""119"":0,""128"":3,""135"":0,""137"":0}",1,"[36,128,74,135,101,45,64,137,119,105]",none?,"{""36"":28.54,""45"":4.602,""64"":5.933,""74"":5.882,""101"":43.73,""105"":7.232,""119"":3.971,""128"":10.946,""135"":4.226,""137"":11.401,""tutorial_2BC"":52.063,""tutorial_3BC"":5.541}","{""2A"":[],""2BC"":[2],""3A"":[],""3BC"":[],""2DE"":[],""3DE"":[],""4DE"":[],""5DE"":[]}",nope
81,C,332,"{""46"":0,""50"":1,""58"":2,""70"":1,""93"":2,""101"":2,""102"":0,""120"":1,""122"":3,""133"":0}",1,"[58,122,46,101,70,133,93,50,120,102]","The diamond, but I was more focused on achieving the highest total value.","{""46"":9.202,""50"":6.459,""58"":27.514,""70"":6.865,""93"":7.352,""101"":7.92,""102"":6.602,""120"":10.238,""122"":13.586,""133"":4.942,""tutorial_2BC"":44.042,""tutorial_3BC"":4.356}","{""2A"":[],""2BC"":[2],""3A"":[],""3BC"":[],""2DE"":[],""3DE"":[],""4DE"":[],""5DE"":[]}",Everything worked smoothly.
82,C,483,"{""43"":3,""49"":3,""59"":3,""66"":2,""71"":1,""88"":0,""100"":2,""119"":0,""123"":0,""128"":2}",2,"[128,49,59,100,123,88,66,43,71,119]",I like the basketball more than anything else.,"{""43"":5.834,""49"":12.74,""59"":13.618,""66"":5.453,""71"":5.004,""88"":5.622,""100"":5.182,""119"":17.984,""123"":10.148,""128"":41.118,""tutorial_2BC"":86.318,""tutorial_3BC"":3.284}","{""2A"":[],""2BC"":[3,2],""3A"":[],""3BC"":[],""2DE"":[],""3DE"":[],""4DE"":[],""5DE"":[]}",The assignment was interesting and fun!
83,C,335,"{""38"":0,""49"":3,""52"":2,""67"":0,""86"":2,""109"":0,""114"":1,""120"":1,""133"":0,""134"":1}",3,"[49,86,67,52,134,133,38,120,109,114]",ball,"{""38"":7.712,""49"":50.865,""52"":4.768,""67"":5.487,""86"":8.466,""109"":4.096,""114"":4.656,""120"":5.592,""133"":5.367,""134"":5.072,""tutorial_2BC"":83.305,""tutorial_3BC"":5.469}","{""2A"":[],""2BC"":[2],""3A"":[],""3BC"":[],""2DE"":[],""3DE"":[],""4DE"":[],""5DE"":[]}",interesting
84,C,304,"{""46"":0,""59"":3,""74"":0,""77"":2,""92"":2,""105"":0,""107"":3,""113"":1,""135"":1,""136"":1}",2,"[105,107,74,113,92,59,77,136,46,135]",diamond,"{""46"":6.466,""59"":7.792,""74"":8.728,""77"":8.58,""92"":7.846,""105"":32.881,""107"":24.092,""113"":13.524,""135"":6.59,""136"":11.208,""tutorial_2BC"":29.553,""tutorial_3BC"":5.875}","{""2A"":[],""2BC"":[2],""3A"":[],""3BC"":[],""2DE"":[],""3DE"":[],""4DE"":[],""5DE"":[]}",no comments
85,C,473,"{""46"":0,""58"":2,""65"":3,""66"":2,""77"":2,""85"":1,""87"":2,""88"":0,""113"":1,""119"":0}",1,"[88,87,113,65,85,77,119,58,66,46]",The rum,"{""46"":4.327,""58"":6.36,""65"":7.422,""66"":3.193,""77"":8.521,""85"":8.834,""87"":19.4,""88"":34.63,""113"":15.8,""119"":5.079,""tutorial_2BC"":103.743,""tutorial_3BC"":4.938}","{""2A"":[],""2BC"":[2],""3A"":[],""3BC"":[],""2DE"":[],""3DE"":[],""4DE"":[],""5DE"":[]}",n/a
86,C,404,"{""52"":2,""95"":0,""105"":2,""106"":3,""108"":0,""116"":0,""119"":0,""120"":1,""128"":3,""135"":1}",1,"[106,135,105,120,116,119,128,52,108,95]","Mostly I like pirate 3, like Diamond, Gold...etc","{""52"":5.032,""95"":9.328,""105"":24.512,""106"":46.117,""108"":8.256,""116"":3.968,""119"":5.44,""120"":10,""128"":4.088,""135"":20.256,""tutorial_2BC"":82.312,""tutorial_3BC"":7.034}","{""2A"":[],""2BC"":[2],""3A"":[],""3BC"":[],""2DE"":[],""3DE"":[],""4DE"":[],""5DE"":[]}",I like this game.
87,C,239,"{""37"":2,""63"":3,""66"":2,""67"":0,""94"":2,""95"":0,""105"":2,""106"":3,""120"":1,""128"":3}",2,"[105,95,67,120,63,128,106,37,94,66]",no favorite,"{""37"":2.918,""63"":3.005,""66"":2.558,""67"":2.666,""94"":2.097,""95"":3.262,""105"":13.954,""106"":2.967,""120"":2.881,""128"":2.37,""tutorial_2BC"":22.224,""tutorial_3BC"":2.624}","{""2A"":[],""2BC"":[2],""3A"":[],""3BC"":[],""2DE"":[],""3DE"":[],""4DE"":[],""5DE"":[]}",-
88,C,212,"{""44"":1,""60"":1,""63"":0,""65"":3,""66"":2,""74"":0,""78"":1,""84"":3,""94"":2,""127"":1}",3,"[63,127,66,74,78,94,65,44,84,60]",I liked them all,"{""44"":3.144,""60"":2.925,""63"":18.82,""65"":2.626,""66"":3.063,""74"":3.048,""78"":3.548,""84"":2.151,""94"":3.8,""127"":5.637,""tutorial_2BC"":9.078,""tutorial_3BC"":2.518}","{""2A"":[],""2BC"":[2],""3A"":[],""3BC"":[],""2DE"":[],""3DE"":[],""4DE"":[],""5DE"":[]}",None
89,C,165,"{""42"":1,""43"":3,""45"":1,""72"":2,""95"":0,""116"":0,""120"":1,""126"":2,""129"":2,""135"":1}",1,"[95,120,116,129,42,43,72,135,126,45]",necklace,"{""42"":7.07,""43"":10.244,""45"":7.67,""72"":6.313,""95"":12.906,""116"":9.136,""120"":10.602,""126"":6.33,""129"":5.991,""135"":10.241,""tutorial_2BC"":29.586,""tutorial_3BC"":3.686}","{""2A"":[],""2BC"":[2],""3A"":[],""3BC"":[],""2DE"":[],""3DE"":[],""4DE"":[],""5DE"":[]}",none
90,C,108,"{""38"":3,""46"":0,""63"":3,""67"":0,""79"":3,""86"":2,""113"":1,""120"":1,""122"":3,""126"":2}",1,"[120,46,67,79,63,38,113,122,86,126]",treasure map,"{""38"":4.134,""46"":5.882,""63"":3.674,""67"":4.558,""79"":4.607,""86"":2.474,""113"":3.564,""120"":17.815,""122"":4.254,""126"":2.962,""tutorial_2BC"":14.539,""tutorial_3BC"":2.491}","{""2A"":[],""2BC"":[2],""3A"":[],""3BC"":[],""2DE"":[],""3DE"":[],""4DE"":[],""5DE"":[]}",no comment
91,D,402,"{""36"":1,""37"":1,""66"":1,""70"":1,""93"":1,""109"":1,""115"":1,""119"":1,""120"":1,""130"":1}",1,"[36,119,37,109,70,115,120,93,66,130]",the jewels,"{""36"":11.095,""37"":10.441,""66"":3.184,""70"":2.815,""93"":4.616,""109"":3.991,""115"":2.879,""119"":10.483,""120"":2.706,""130"":3.213,""tutorial_2DE"":23.822,""tutorial_3DE"":4.89,""tutorial_4DE"":9.545,""tutorial_5DE"":1.626}","{""2A"":[],""2BC"":[],""3A"":[],""3BC"":[],""2DE"":[2],""3DE"":[1],""4DE"":[3],""5DE"":[]}","every single time i was getting scammed, so i had no choice but to say they are all unfair.  i mainly went by how the others valued my share."
92,D,599,"{""43"":1,""81"":0,""87"":0,""91"":1,""93"":0,""119"":1,""120"":1,""129"":0,""135"":1,""137"":1}",1,"[87,135,43,129,119,137,81,93,120,91]",diamond,"{""43"":30.816,""81"":15.936,""87"":36.15,""91"":24.72,""93"":16.952,""119"":14.096,""120"":22.328,""129"":12.592,""135"":53.896,""137"":20.928,""tutorial_2DE"":111.256,""tutorial_3DE"":36.76,""tutorial_4DE"":20.024,""tutorial_5DE"":20.194}","{""2A"":[],""2BC"":[],""3A"":[],""3BC"":[],""2DE"":[2],""3DE"":[1],""4DE"":[3],""5DE"":[]}",Thanks
93,D,172,"{""49"":0,""58"":0,""60"":0,""72"":1,""73"":1,""78"":0,""87"":0,""91"":0,""92"":0,""116"":0}",2,"[87,72,73,116,78,91,60,58,92,49]",none,"{""49"":6.347,""58"":2.078,""60"":3.196,""72"":5.803,""73"":3.23,""78"":7.707,""87"":9.612,""91"":2.346,""92"":2.518,""116"":2.569,""tutorial_2DE"":8.01,""tutorial_3DE"":9.254,""tutorial_4DE"":14.754,""tutorial_5DE"":2.209}","{""2A"":[],""2BC"":[],""3A"":[],""3BC"":[],""2DE"":[2],""3DE"":[1],""4DE"":[1,3],""5DE"":[]}",none
94,D,655,"{""38"":1,""45"":0,""60"":0,""63"":0,""84"":0,""92"":1,""100"":0,""109"":0,""113"":0,""128"":0}",4,"[63,45,92,113,100,60,84,128,38,109]",radio,"{""38"":12.935,""45"":19.136,""60"":11.072,""63"":23.557,""84"":17.016,""92"":32.352,""100"":9.568,""109"":11.256,""113"":11.968,""128"":13.937,""tutorial_2DE"":36.023,""tutorial_3DE"":16.985,""tutorial_4DE"":16.944,""tutorial_5DE"":7.795}","{""2A"":[],""2BC"":[],""3A"":[],""3BC"":[],""2DE"":[2],""3DE"":[1],""4DE"":[3],""5DE"":[]}","This is one of those games where I think I understand it well enough to get comprehension checks correct and can proceed, but if I was asked to tell someone else the rules, I'd be lost. In other words, I only sort of understood this. Also, because I have no idea how long the survey will last and there is a relatively short timer (why only 15 minutes?), I feel pressured and probably can't think as clearly as I would with a, say, 30 minute timer."
95,D,81,"{""49"":0,""66"":0,""71"":1,""79"":0,""80"":0,""84"":0,""95"":0,""99"":0,""116"":1,""121"":1}",2,"[99,49,116,84,121,66,71,80,79,95]",i liked all of them,"{""49"":4.767,""66"":2.163,""71"":2.935,""79"":2.143,""80"":1.819,""84"":3.812,""95"":2.696,""99"":2.833,""116"":6.753,""121"":3.6,""tutorial_2DE"":6.331,""tutorial_3DE"":3.165,""tutorial_4DE"":7.859,""tutorial_5DE"":1.856}","{""2A"":[],""2BC"":[],""3A"":[],""3BC"":[],""2DE"":[2],""3DE"":[1],""4DE"":[1,3],""5DE"":[]}",i don't have anything else to add
96,D,614,"{""35"":0,""39"":0,""43"":1,""79"":1,""84"":1,""102"":0,""108"":0,""122"":0,""127"":1,""128"":1}",3,"[84,35,128,43,122,102,39,108,127,79]","Honestly, I was so involved in the numbers, I really wasn't paying attention to the objects. Sorry. Please don't reject my work.","{""35"":39.488,""39"":43.341,""43"":19.942,""79"":12.211,""84"":38.355,""102"":26.924,""108"":39.597,""122"":41.206,""127"":32.522,""128"":21.703,""tutorial_2DE"":48.257,""tutorial_3DE"":18.251,""tutorial_4DE"":24.812,""tutorial_5DE"":9.11}","{""2A"":[],""2BC"":[],""3A"":[],""3BC"":[],""2DE"":[2],""3DE"":[1],""4DE"":[3],""5DE"":[]}",Those were really tough decisions. I had to think about how much weight to put on each factor.
97,D,340,"{""39"":0,""51"":1,""58"":0,""59"":1,""64"":1,""66"":0,""70"":1,""106"":0,""126"":1,""130"":0}",3,"[64,130,70,126,39,59,51,106,66,58]",shiny jewel,"{""39"":5.5,""51"":6.192,""58"":10.156,""59"":5.972,""64"":34.011,""66"":6.576,""70"":35.884,""106"":8,""126"":13.58,""130"":11.076,""tutorial_2DE"":21.528,""tutorial_3DE"":33.33,""tutorial_4DE"":16.191,""tutorial_5DE"":7.064}","{""2A"":[],""2BC"":[],""3A"":[],""3BC"":[],""2DE"":[2],""3DE"":[1],""4DE"":[3],""5DE"":[]}",none
98,D,200,"{""42"":0,""50"":1,""53"":0,""57"":1,""65"":0,""67"":0,""77"":0,""80"":0,""93"":0,""136"":1}",3,"[67,53,57,50,93,42,65,136,80,77]",the giant diamond,"{""42"":8.273,""50"":13.871,""53"":11.18,""57"":11.27,""65"":5.752,""67"":12.881,""77"":9.378,""80"":10.093,""93"":6.328,""136"":13.861,""tutorial_2DE"":19.853,""tutorial_3DE"":12.95,""tutorial_4DE"":9.638,""tutorial_5DE"":2.852}","{""2A"":[],""2BC"":[],""3A"":[],""3BC"":[],""2DE"":[2],""3DE"":[1],""4DE"":[3],""5DE"":[]}",Everything was fine
99,D,350,"{""53"":0,""57"":0,""70"":0,""71"":1,""73"":0,""80"":0,""81"":0,""98"":0,""100"":0,""121"":0}",1,"[98,53,80,121,71,81,100,73,57,70]",I prefer the left most treasure,"{""53"":11.768,""57"":10.888,""70"":7.8,""71"":7.592,""73"":15.503,""80"":23.688,""81"":5.944,""98"":19.377,""100"":5.28,""121"":15.025,""tutorial_2DE"":42.359,""tutorial_3DE"":48.248,""tutorial_4DE"":21.592,""tutorial_5DE"":3.086}","{""2A"":[],""2BC"":[],""3A"":[],""3BC"":[],""2DE"":[2],""3DE"":[3,1],""4DE"":[3],""5DE"":[]}",It is an interesting task.
100,D,534,"{""35"":0,""37"":1,""53"":0,""73"":0,""77"":0,""78"":1,""88"":1,""94"":1,""100"":0,""134"":0}",2,"[134,88,77,100,94,73,78,35,53,37]",Favorite treasure item was Radio,"{""35"":18.024,""37"":16.456,""53"":11.32,""73"":6.611,""77"":33,""78"":13.76,""88"":20.943,""94"":11.165,""100"":13.375,""134"":38.58,""tutorial_2DE"":83.039,""tutorial_3DE"":33.472,""tutorial_4DE"":87.791,""tutorial_5DE"":11.827}","{""2A"":[],""2BC"":[],""3A"":[],""3BC"":[],""2DE"":[2],""3DE"":[1],""4DE"":[1,2,3],""5DE"":[]}",good
101,D,583,"{""43"":0,""46"":1,""50"":0,""51"":0,""53"":0,""70"":0,""91"":0,""93"":0,""101"":0,""129"":0}",2,"[70,50,91,93,101,43,129,53,46,51]",Money,"{""43"":4.747,""46"":29.108,""50"":20.679,""51"":10.499,""53"":3.647,""70"":15.849,""91"":4.722,""93"":6.173,""101"":14.213,""129"":7.941,""tutorial_2DE"":16.402,""tutorial_3DE"":17.369,""tutorial_4DE"":6.642,""tutorial_5DE"":1.602}","{""2A"":[],""2BC"":[],""3A"":[],""3BC"":[],""2DE"":[2],""3DE"":[1],""4DE"":[3],""5DE"":[]}","I wasn't aware I was supposed to be focusing on specific items, so I don't really remember the specific items in the chest . I was paying attention to what the treasure was worth to me."
102,D,198,"{""56"":0,""59"":0,""63"":0,""67"":0,""79"":1,""85"":0,""86"":0,""115"":1,""123"":0,""134"":0}",2,"[63,59,85,86,123,115,67,134,56,79]",I think there was a gem that I thought was nice. I was mostly looking at the numbers.,"{""56"":10.668,""59"":7.26,""63"":10.241,""67"":5.248,""79"":4.399,""85"":7.544,""86"":6.972,""115"":9.441,""123"":4.651,""134"":9.36,""tutorial_2DE"":19.823,""tutorial_3DE"":10.592,""tutorial_4DE"":12.333,""tutorial_5DE"":3.995}","{""2A"":[],""2BC"":[],""3A"":[],""3BC"":[],""2DE"":[2],""3DE"":[1],""4DE"":[3],""5DE"":[]}","None, thank you."
103,D,606,"{""36"":0,""57"":1,""70"":0,""86"":0,""100"":0,""101"":1,""105"":0,""109"":0,""115"":1,""137"":0}",3,"[105,101,86,115,36,70,109,100,137,57]",I liked the silver bars and thought the radio was amusing,"{""36"":14.993,""57"":9.454,""70"":13.999,""86"":7.424,""100"":17.968,""101"":29.952,""105"":15.791,""109"":13.632,""115"":10.976,""137"":8.714,""tutorial_2DE"":40.168,""tutorial_3DE"":17.024,""tutorial_4DE"":11.576,""tutorial_5DE"":7.225}","{""2A"":[],""2BC"":[],""3A"":[],""3BC"":[],""2DE"":[2],""3DE"":[1],""4DE"":[3],""5DE"":[]}",None
104,D,173,"{""50"":0,""51"":1,""73"":1,""74"":1,""78"":0,""84"":1,""88"":1,""94"":0,""105"":0,""128"":0}",2,"[128,94,50,78,84,73,88,74,51,105]",The basketball,"{""50"":11.711,""51"":4.398,""73"":8.046,""74"":5.151,""78"":10.241,""84"":4.103,""88"":7.769,""94"":9.201,""105"":3.812,""128"":14.244,""tutorial_2DE"":36.052,""tutorial_3DE"":14.557,""tutorial_4DE"":9.199,""tutorial_5DE"":1.364}","{""2A"":[],""2BC"":[],""3A"":[],""3BC"":[],""2DE"":[2],""3DE"":[1],""4DE"":[3],""5DE"":[]}",N/A
105,D,221,"{""35"":0,""36"":1,""53"":0,""58"":0,""95"":0,""100"":1,""112"":0,""115"":1,""120"":1,""136"":0}",3,"[58,115,35,120,95,136,100,53,36,112]",diamond,"{""35"":6.032,""36"":3.899,""53"":4.782,""58"":20.872,""95"":6.88,""100"":7.431,""112"":5.501,""115"":8.415,""120"":10.43,""136"":8.88,""tutorial_2DE"":18.567,""tutorial_3DE"":31.576,""tutorial_4DE"":12.447,""tutorial_5DE"":8.085}","{""2A"":[],""2BC"":[],""3A"":[],""3BC"":[],""2DE"":[2],""3DE"":[1],""4DE"":[3],""5DE"":[]}",none
106,D,521,"{""37"":0,""38"":1,""70"":0,""88"":0,""92"":0,""105"":0,""109"":0,""127"":0,""128"":0,""136"":0}",2,"[88,127,37,38,105,136,128,109,70,92]",stones,"{""37"":17.324,""38"":16.744,""70"":13.456,""88"":28.712,""92"":12.453,""105"":13.952,""109"":10.768,""127"":24.358,""128"":14.934,""136"":14.866,""tutorial_2DE"":70.505,""tutorial_3DE"":52.648,""tutorial_4DE"":43.97,""tutorial_5DE"":12.972}","{""2A"":[],""2BC"":[],""3A"":[],""3BC"":[],""2DE"":[2],""3DE"":[1],""4DE"":[3],""5DE"":[]}",none
107,D,381,"{""37"":1,""42"":0,""44"":0,""84"":0,""85"":1,""101"":1,""109"":0,""113"":1,""116"":0,""136"":0}",2,"[37,113,84,44,116,42,85,109,101,136]",I would have to say I liked the barrel of rum best.,"{""37"":34.037,""42"":13.072,""44"":16.191,""84"":9.959,""85"":32.551,""101"":11.687,""109"":4.945,""113"":24.464,""116"":10.96,""136"":11.912,""tutorial_2DE"":58.512,""tutorial_3DE"":8.904,""tutorial_4DE"":10.736,""tutorial_5DE"":4.338}","{""2A"":[],""2BC"":[],""3A"":[],""3BC"":[],""2DE"":[2],""3DE"":[1],""4DE"":[3],""5DE"":[]}",Thanks for fair pay for a task that was actually interesting.
108,D,471,"{""63"":0,""67"":0,""81"":0,""93"":0,""94"":0,""101"":0,""106"":0,""127"":0,""133"":0,""135"":0}",1,"[127,93,81,133,101,106,135,67,63,94]",Money.,"{""63"":345.746,""67"":1.614,""81"":2.45,""93"":3.977,""94"":1.296,""101"":2.131,""106"":1.645,""127"":3.867,""133"":2.466,""135"":1.475,""tutorial_2DE"":15.958,""tutorial_3DE"":25.953,""tutorial_4DE"":5.584,""tutorial_5DE"":1.749}","{""2A"":[],""2BC"":[],""3A"":[],""3BC"":[],""2DE"":[2],""3DE"":[3,2,1],""4DE"":[3],""5DE"":[]}",Thanks.
109,D,687,"{""65"":0,""73"":1,""88"":0,""91"":1,""95"":0,""105"":0,""106"":0,""108"":0,""120"":1,""128"":0}",4,"[106,95,91,120,73,128,105,65,88,108]",Gold,"{""65"":35.568,""73"":23.288,""88"":36.984,""91"":17.408,""95"":13.895,""105"":38.896,""106"":54.038,""108"":34.088,""120"":11.192,""128"":113.128,""tutorial_2DE"":55.552,""tutorial_3DE"":30.881,""tutorial_4DE"":38.151,""tutorial_5DE"":5.914}","{""2A"":[],""2BC"":[],""3A"":[],""3BC"":[],""2DE"":[2],""3DE"":[1],""4DE"":[1,3],""5DE"":[]}",Some questions need more thinking
110,D,295,"{""51"":0,""53"":0,""63"":0,""74"":0,""78"":1,""99"":0,""112"":0,""129"":0,""135"":0,""136"":0}",2,"[53,78,74,112,99,136,129,51,63,135]",Diamond,"{""51"":8.736,""53"":17.993,""63"":5.023,""74"":9.84,""78"":19.608,""99"":10.591,""112"":6.952,""129"":7.256,""135"":15.848,""136"":6.929,""tutorial_2DE"":27.598,""tutorial_3DE"":24.769,""tutorial_4DE"":67.583,""tutorial_5DE"":2.911}","{""2A"":[],""2BC"":[],""3A"":[],""3BC"":[],""2DE"":[2],""3DE"":[1],""4DE"":[1,2,3],""5DE"":[]}",Fun
111,D,479,"{""35"":0,""38"":0,""49"":0,""53"":1,""58"":1,""59"":0,""64"":1,""67"":1,""121"":1,""134"":0}",4,"[64,134,49,121,35,53,38,59,58,67]",The Diamond,"{""35"":5.366,""38"":3.983,""49"":11.75,""53"":5.051,""58"":2.981,""59"":3.784,""64"":47.728,""67"":4.868,""121"":6.066,""134"":6.552,""tutorial_2DE"":21.336,""tutorial_3DE"":42.831,""tutorial_4DE"":15.116,""tutorial_5DE"":4.187}","{""2A"":[],""2BC"":[],""3A"":[],""3BC"":[],""2DE"":[2],""3DE"":[3,1],""4DE"":[3],""5DE"":[]}",n/a
112,D,382,"{""52"":1,""57"":1,""58"":1,""64"":0,""77"":0,""94"":0,""102"":0,""107"":1,""109"":1,""119"":1}",3,"[58,109,77,119,52,107,57,94,64,102]",Diamond,"{""52"":2.388,""57"":4.604,""58"":28.746,""64"":4.574,""77"":11.303,""94"":3.118,""102"":3.104,""107"":2.887,""109"":9.378,""119"":12.782,""tutorial_2DE"":57.738,""tutorial_3DE"":43.012,""tutorial_4DE"":12.907,""tutorial_5DE"":3.474}","{""2A"":[],""2BC"":[],""3A"":[],""3BC"":[],""2DE"":[2],""3DE"":[2,3,1],""4DE"":[3],""5DE"":[]}",N/A
113,D,542,"{""36"":0,""59"":0,""63"":0,""71"":0,""80"":0,""95"":0,""98"":0,""102"":0,""121"":0,""135"":0}",2,"[71,63,102,36,121,80,95,59,98,135]",MONEY,"{""36"":8.489,""59"":8.272,""63"":17.224,""71"":64.135,""80"":9.368,""95"":6.264,""98"":7.48,""102"":21.735,""121"":9.76,""135"":5.832,""tutorial_2DE"":57.976,""tutorial_3DE"":73.351,""tutorial_4DE"":119.056,""tutorial_5DE"":2.601}","{""2A"":[],""2BC"":[],""3A"":[],""3BC"":[],""2DE"":[2],""3DE"":[1],""4DE"":[2,2,1,3],""5DE"":[]}",NONE
114,D,552,"{""43"":0,""63"":0,""72"":0,""84"":0,""94"":0,""100"":0,""102"":0,""122"":0,""130"":0,""134"":0}",2,"[100,63,122,130,94,84,43,102,134,72]",blue diamond,"{""43"":6.792,""63"":16.551,""72"":6.375,""84"":5.856,""94"":8.223,""100"":17.35,""102"":4.319,""122"":9.608,""130"":8.361,""134"":5.888,""tutorial_2DE"":45.488,""tutorial_3DE"":50.791,""tutorial_4DE"":37.401,""tutorial_5DE"":4.986}","{""2A"":[],""2BC"":[],""3A"":[],""3BC"":[],""2DE"":[2],""3DE"":[1],""4DE"":[3],""5DE"":[]}",it seemed like the value of the treasure balanced out for all pirates
115,D,263,"{""37"":1,""39"":0,""43"":1,""53"":0,""70"":1,""84"":0,""94"":1,""115"":0,""120"":1,""121"":0}",3,"[115,43,39,53,120,70,94,121,84,37]",Diamond,"{""37"":2.984,""39"":6.024,""43"":16.775,""53"":10.336,""70"":8.776,""84"":3.816,""94"":5.657,""115"":15.238,""120"":12.24,""121"":8.311,""tutorial_2DE"":30.399,""tutorial_3DE"":32.32,""tutorial_4DE"":19.36,""tutorial_5DE"":2.226}","{""2A"":[],""2BC"":[],""3A"":[],""3BC"":[],""2DE"":[2],""3DE"":[3,1],""4DE"":[3],""5DE"":[]}",I'm wondering if this is an economic experiment.
116,D,194,"{""36"":1,""38"":1,""49"":1,""67"":0,""86"":1,""98"":0,""99"":1,""102"":0,""115"":1,""135"":1}",1,"[102,49,36,67,86,99,135,115,98,38]",I wasn't paying any attention to the items; I was paying attention to the values.,"{""36"":5.438,""38"":5.486,""49"":8.88,""67"":3.75,""86"":8.803,""98"":4.375,""99"":4.996,""102"":14.554,""115"":4.625,""135"":5.682,""tutorial_2DE"":17.264,""tutorial_3DE"":20.849,""tutorial_4DE"":16.164,""tutorial_5DE"":4.142}","{""2A"":[],""2BC"":[],""3A"":[],""3BC"":[],""2DE"":[2],""3DE"":[1],""4DE"":[3],""5DE"":[]}",No issues.
117,D,133,"{""49"":1,""52"":1,""59"":1,""79"":1,""85"":0,""88"":1,""91"":1,""93"":1,""106"":1,""116"":1}",2,"[49,59,85,93,106,52,88,79,116,91]",I liked them all the same,"{""49"":5.268,""52"":3.2,""59"":4.92,""79"":2.045,""85"":6.28,""88"":2.73,""91"":3.835,""93"":6.75,""106"":2.545,""116"":2.43,""tutorial_2DE"":11.37,""tutorial_3DE"":23.29,""tutorial_4DE"":11.555,""tutorial_5DE"":1.756}","{""2A"":[],""2BC"":[],""3A"":[],""3BC"":[],""2DE"":[2],""3DE"":[2,3,1],""4DE"":[1,3],""5DE"":[]}",none
118,D,165,"{""44"":0,""49"":0,""65"":0,""67"":0,""74"":0,""80"":0,""85"":0,""94"":0,""106"":0,""126"":0}",1,"[106,80,44,94,74,85,49,126,65,67]",DIAMOND,"{""44"":5.736,""49"":2.168,""65"":3.192,""67"":2.583,""74"":2.032,""80"":6.192,""85"":2.232,""94"":3.312,""106"":15.421,""126"":3.52,""tutorial_2DE"":12.312,""tutorial_3DE"":22.55,""tutorial_4DE"":32.041,""tutorial_5DE"":4.634}","{""2A"":[],""2BC"":[],""3A"":[],""3BC"":[],""2DE"":[2],""3DE"":[1],""4DE"":[1,2,3],""5DE"":[]}",DRESS
119,D,707,"{""45"":0,""49"":1,""50"":0,""56"":0,""87"":0,""99"":1,""102"":0,""107"":1,""123"":0,""135"":1}",4,"[50,123,135,107,45,49,99,87,102,56]",Diamond,"{""45"":17.08,""49"":22.752,""50"":43.796,""56"":28.368,""87"":27.207,""99"":12.728,""102"":14.928,""107"":12.536,""123"":11.84,""135"":23.415,""tutorial_2DE"":106.87,""tutorial_3DE"":23.632,""tutorial_4DE"":62.727,""tutorial_5DE"":100.29}","{""2A"":[],""2BC"":[],""3A"":[],""3BC"":[],""2DE"":[2],""3DE"":[1],""4DE"":[2,1,3],""5DE"":[]}",More attention is required to complete the questions
120,D,544,"{""36"":0,""37"":1,""49"":0,""85"":1,""93"":0,""95"":1,""101"":0,""108"":0,""123"":0,""126"":0}",3,"[85,95,93,49,126,101,37,108,36,123]",radio,"{""36"":49.195,""37"":14.954,""49"":46.941,""85"":37.833,""93"":13.378,""95"":42.904,""101"":36.588,""108"":19.987,""123"":19.93,""126"":38.814,""tutorial_2DE"":60.73,""tutorial_3DE"":24.036,""tutorial_4DE"":35.451,""tutorial_5DE"":5.421}","{""2A"":[],""2BC"":[],""3A"":[],""3BC"":[],""2DE"":[2],""3DE"":[1],""4DE"":[3],""5DE"":[]}",none
121,E,608,"{""42"":3,""45"":3,""49"":2,""58"":3,""78"":3,""85"":3,""88"":1,""93"":2,""102"":3,""115"":2}",1,"[42,49,78,88,85,45,115,102,58,93]",Diamond treasure,"{""42"":19.935,""45"":1.904,""49"":7.616,""58"":1.984,""78"":2.552,""85"":2.944,""88"":1.632,""93"":2.904,""102"":6.104,""115"":1.656,""tutorial_2DE"":59.76,""tutorial_3DE"":19.032,""tutorial_4DE"":54.199,""tutorial_5DE"":26.49}","{""2A"":[],""2BC"":[],""3A"":[],""3BC"":[],""2DE"":[3,1,1,3,2],""3DE"":[2,1],""4DE"":[2,1,3],""5DE"":[]}",Good
122,E,702,"{""44"":2,""45"":2,""50"":2,""109"":1,""114"":3,""122"":1,""126"":3,""127"":1,""133"":1,""137"":3}",1,"[45,114,109,44,133,122,50,127,137,126]",Diamond,"{""44"":4.264,""45"":6.551,""50"":3.04,""109"":4.072,""114"":11.312,""122"":9.096,""126"":3.96,""127"":3.048,""133"":5.112,""137"":2.195,""tutorial_2DE"":47.2,""tutorial_3DE"":28.544,""tutorial_4DE"":6.111,""tutorial_5DE"":2.794}","{""2A"":[],""2BC"":[],""3A"":[],""3BC"":[],""2DE"":[2],""3DE"":[1],""4DE"":[3],""5DE"":[]}",Nothing
123,E,270,"{""37"":2,""43"":0,""51"":2,""66"":3,""67"":0,""84"":1,""99"":1,""109"":1,""122"":1,""126"":0}",2,"[43,126,67,122,37,66,99,51,109,84]",1,"{""37"":3.458,""43"":21.453,""51"":1.816,""66"":2.455,""67"":6.544,""84"":3.912,""99"":3.008,""109"":2.648,""122"":4.472,""126"":6.184,""tutorial_2DE"":85.952,""tutorial_3DE"":48.713,""tutorial_4DE"":16.447,""tutorial_5DE"":1.363}","{""2A"":[],""2BC"":[],""3A"":[],""3BC"":[],""2DE"":[2],""3DE"":[2,2,1],""4DE"":[1,3],""5DE"":[]}",good
124,E,522,"{""35"":1,""36"":1,""38"":2,""45"":1,""50"":1,""53"":1,""65"":2,""86"":1,""95"":2,""119"":2}",2,"[50,36,35,86,38,65,95,119,45,53]",pirates 1,"{""35"":48.236,""36"":14.787,""38"":10.095,""45"":11.989,""50"":75.811,""53"":5.088,""65"":5.243,""86"":15.034,""95"":13.44,""119"":4.687,""tutorial_2DE"":51.718,""tutorial_3DE"":30.668,""tutorial_4DE"":45.192,""tutorial_5DE"":3.942}","{""2A"":[],""2BC"":[],""3A"":[],""3BC"":[],""2DE"":[2],""3DE"":[1],""4DE"":[1,3],""5DE"":[]}",easy
125,E,537,"{""67"":3,""71"":0,""87"":0,""91"":2,""99"":3,""107"":0,""116"":1,""119"":2,""121"":1,""122"":2}",2,"[116,71,67,87,119,121,107,91,99,122]",question no 2,"{""67"":10.905,""71"":25.8,""87"":11.86,""91"":12.96,""99"":7.35,""107"":4.425,""116"":53.8,""119"":8.82,""121"":7.535,""122"":8.545,""tutorial_2DE"":50.12,""tutorial_3DE"":65.168,""tutorial_4DE"":109.595,""tutorial_5DE"":11.47}","{""2A"":[],""2BC"":[],""3A"":[],""3BC"":[],""2DE"":[2],""3DE"":[1],""4DE"":[2,3],""5DE"":[]}",none
126,E,497,"{""39"":0,""59"":3,""74"":0,""84"":0,""85"":1,""94"":2,""106"":3,""114"":0,""126"":3,""135"":1}",1,"[74,106,85,39,126,114,59,135,84,94]","My favorite treasure was the map, but it seemed like it was hard to get someone to swap with me for it.","{""39"":23.176,""59"":15.894,""74"":26.92,""84"":17.68,""85"":26.615,""94"":11.813,""106"":49.987,""114"":13.663,""126"":19.841,""135"":11.455,""tutorial_2DE"":19.876,""tutorial_3DE"":41.566,""tutorial_4DE"":23.312,""tutorial_5DE"":6.988}","{""2A"":[],""2BC"":[],""3A"":[],""3BC"":[],""2DE"":[2],""3DE"":[1],""4DE"":[3],""5DE"":[]}",I didn't have any problems. I liked the study it was fun to complete. Thanks!
127,E,368,"{""39"":0,""57"":3,""60"":0,""77"":2,""86"":2,""92"":2,""108"":3,""119"":0,""135"":1,""136"":1}",2,"[92,57,136,108,119,86,60,135,39,77]",Jewelry. I went with the highest value treasures every time.,"{""39"":5.286,""57"":30.136,""60"":6.21,""77"":9.18,""86"":10.176,""92"":25.173,""108"":14.828,""119"":6.65,""135"":8.237,""136"":11.166,""tutorial_2DE"":66.929,""tutorial_3DE"":36.279,""tutorial_4DE"":12.623,""tutorial_5DE"":3.348}","{""2A"":[],""2BC"":[],""3A"":[],""3BC"":[],""2DE"":[2],""3DE"":[3,1],""4DE"":[3],""5DE"":[]}",Fun treasure swapping game task. I would love to do more.
128,E,530,"{""53"":2,""56"":1,""80"":1,""85"":0,""88"":2,""91"":1,""94"":2,""99"":0,""121"":0,""135"":1}",2,"[135,91,88,56,85,94,80,53,121,99]",The $57 treasure is my favorite.,"{""53"":13.857,""56"":18.049,""80"":15.712,""85"":6.904,""88"":24.695,""91"":23.847,""94"":22.439,""99"":7.288,""121"":15.967,""135"":34.844,""tutorial_2DE"":44.12,""tutorial_3DE"":31.307,""tutorial_4DE"":19.663,""tutorial_5DE"":11.036}","{""2A"":[],""2BC"":[],""3A"":[],""3BC"":[],""2DE"":[2],""3DE"":[1],""4DE"":[3],""5DE"":[]}",Interesting task. Thank you.
129,E,375,"{""60"":0,""72"":2,""79"":3,""84"":3,""99"":2,""106"":3,""116"":0,""122"":3,""126"":2,""136"":1}",4,"[126,72,60,122,79,136,116,84,106,99]",rum,"{""60"":30.299,""72"":34.546,""79"":9.133,""84"":9.717,""99"":4.917,""106"":8.666,""116"":8.533,""122"":9.45,""126"":16.784,""136"":8.283,""tutorial_2DE"":35.645,""tutorial_3DE"":23.417,""tutorial_4DE"":88.697,""tutorial_5DE"":3.002}","{""2A"":[],""2BC"":[],""3A"":[],""3BC"":[],""2DE"":[2],""3DE"":[1],""4DE"":[2,1,3],""5DE"":[]}",confusing
130,E,535,"{""46"":0,""49"":3,""56"":0,""73"":3,""99"":2,""107"":3,""108"":0,""114"":1,""127"":1,""130"":0}",2,"[107,130,108,127,99,73,56,114,49,46]",the rum,"{""46"":11.959,""49"":10.192,""56"":60.641,""73"":13.773,""99"":14.683,""107"":40.327,""108"":17.065,""114"":9.903,""127"":15.458,""130"":12.226,""tutorial_2DE"":57.664,""tutorial_3DE"":18.708,""tutorial_4DE"":12.55,""tutorial_5DE"":3.824}","{""2A"":[],""2BC"":[],""3A"":[],""3BC"":[],""2DE"":[2],""3DE"":[1],""4DE"":[3],""5DE"":[]}",no comments
131,E,661,"{""52"":2,""70"":1,""73"":3,""86"":2,""93"":2,""95"":0,""106"":3,""116"":0,""126"":2,""127"":1}",1,"[95,116,93,106,70,52,73,126,127,86]",Rum,"{""52"":2.206,""70"":5.172,""73"":2.836,""86"":4.147,""93"":3.37,""95"":8.693,""106"":4.036,""116"":4.574,""126"":3.224,""127"":2.836,""tutorial_2DE"":24.16,""tutorial_3DE"":10.802,""tutorial_4DE"":5.976,""tutorial_5DE"":1.643}","{""2A"":[],""2BC"":[],""3A"":[],""3BC"":[],""2DE"":[2],""3DE"":[1],""4DE"":[3],""5DE"":[]}",This task was pretty fun!
132,E,93,"{""36"":1,""53"":2,""58"":3,""73"":2,""78"":0,""91"":2,""93"":3,""95"":1,""119"":1,""122"":0}",2,"[122,95,73,58,36,53,91,93,78,119]",Pirate 1's Treasure,"{""36"":2.697,""53"":2.024,""58"":2.063,""73"":1.872,""78"":7.104,""91"":8.415,""93"":2.04,""95"":2.769,""119"":2.089,""122"":5.486,""tutorial_2DE"":11.36,""tutorial_3DE"":4.729,""tutorial_4DE"":5.543,""tutorial_5DE"":1.306}","{""2A"":[],""2BC"":[],""3A"":[],""3BC"":[],""2DE"":[1,2],""3DE"":[1],""4DE"":[3],""5DE"":[]}",no
133,E,629,"{""37"":2,""50"":1,""56"":0,""73"":3,""95"":0,""102"":0,""114"":1,""115"":1,""133"":0,""134"":1}",3,"[56,37,73,133,50,114,102,95,134,115]",The diamond,"{""37"":18.5,""50"":28.703,""56"":91.664,""73"":20.906,""95"":24.932,""102"":24.751,""114"":29.385,""115"":23.177,""133"":26.36,""134"":23.659,""tutorial_2DE"":54.507,""tutorial_3DE"":32.882,""tutorial_4DE"":28.061,""tutorial_5DE"":16.511}","{""2A"":[],""2BC"":[],""3A"":[],""3BC"":[],""2DE"":[2],""3DE"":[1],""4DE"":[3],""5DE"":[]}",There were no problems with the survey
134,E,365,"{""35"":2,""44"":3,""45"":0,""46"":0,""50"":1,""102"":0,""105"":0,""114"":2,""115"":0,""127"":0}",4,"[44,35,114,105,102,115,127,50,45,46]","I didn't notice the contents as much as I noticed the value. I tried to looked to trade with pirates who offered me a fair price, but also ask for a fair price for their items, or had a discount.","{""35"":27.741,""44"":37.441,""45"":17.997,""46"":8.778,""50"":14.366,""102"":8.414,""105"":8.465,""114"":38.776,""115"":16.764,""127"":7.68,""tutorial_2DE"":32.244,""tutorial_3DE"":16,""tutorial_4DE"":12.267,""tutorial_5DE"":3.8}","{""2A"":[],""2BC"":[],""3A"":[],""3BC"":[],""2DE"":[2],""3DE"":[1],""4DE"":[3],""5DE"":[]}",I don't have any comments.
135,E,302,"{""44"":1,""46"":0,""56"":0,""73"":3,""79"":3,""85"":1,""88"":0,""108"":0,""113"":1,""119"":0}",3,"[119,108,88,85,73,46,113,56,44,79]",None of them was better than the other.,"{""44"":4.703,""46"":6.873,""56"":4.355,""73"":5.023,""79"":3.702,""85"":10.554,""88"":19.347,""108"":17.104,""113"":8.443,""119"":12.945,""tutorial_2DE"":73.931,""tutorial_3DE"":17.499,""tutorial_4DE"":47.341,""tutorial_5DE"":5.044}","{""2A"":[],""2BC"":[],""3A"":[],""3BC"":[],""2DE"":[2],""3DE"":[1],""4DE"":[3],""5DE"":[]}",None
136,E,286,"{""44"":1,""52"":2,""58"":2,""64"":3,""66"":2,""85"":1,""91"":0,""105"":2,""109"":0,""116"":0}",2,"[116,58,109,66,64,52,44,85,91,105]","I didn't look at them, only the values.","{""44"":13.136,""52"":8.314,""58"":11.243,""64"":8.948,""66"":10.618,""85"":10.978,""91"":9.885,""105"":11.942,""109"":9.671,""116"":23.78,""tutorial_2DE"":53.612,""tutorial_3DE"":13.364,""tutorial_4DE"":30.548,""tutorial_5DE"":5.967}","{""2A"":[],""2BC"":[],""3A"":[],""3BC"":[],""2DE"":[2],""3DE"":[1],""4DE"":[3],""5DE"":[]}","I didn't look at them, only the values"
137,E,813,"{""38"":3,""39"":0,""51"":2,""63"":3,""64"":3,""70"":1,""86"":2,""123"":0,""127"":0,""129"":2}",2,"[123,63,129,70,51,39,127,38,86,64]",Diamond,"{""38"":10.384,""39"":25.22,""51"":15.465,""63"":58.663,""64"":6.705,""70"":45.269,""86"":10.807,""123"":61.391,""127"":32.916,""129"":29.452,""tutorial_2DE"":145.789,""tutorial_3DE"":62.807,""tutorial_4DE"":60.011,""tutorial_5DE"":21.292}","{""2A"":[],""2BC"":[],""3A"":[],""3BC"":[],""2DE"":[2],""3DE"":[1],""4DE"":[3],""5DE"":[]}",No
138,E,684,"{""36"":1,""49"":3,""56"":1,""57"":2,""60"":2,""73"":3,""109"":2,""114"":3,""122"":2,""128"":1}",3,"[60,114,56,57,36,128,73,109,49,122]",DIAMIND,"{""36"":1.984,""49"":2.113,""56"":2.656,""57"":2.512,""60"":5.503,""73"":5.464,""109"":4.568,""114"":3.415,""122"":1.727,""128"":7.009,""tutorial_2DE"":111.208,""tutorial_3DE"":31.032,""tutorial_4DE"":55.598,""tutorial_5DE"":2.914}","{""2A"":[],""2BC"":[],""3A"":[],""3BC"":[],""2DE"":[2],""3DE"":[2,3,1],""4DE"":[1,1,2,3],""5DE"":[]}",NICE
139,E,707,"{""43"":3,""53"":0,""64"":3,""66"":0,""70"":1,""74"":0,""93"":2,""107"":0,""112"":1,""115"":1}",2,"[107,115,64,43,66,112,70,74,53,93]",Gold bars,"{""43"":28.152,""53"":25.279,""64"":31.231,""66"":38.97,""70"":31.781,""74"":29.887,""93"":25.713,""107"":33.136,""112"":29.577,""115"":24.753,""tutorial_2DE"":100.935,""tutorial_3DE"":27.118,""tutorial_4DE"":25.344,""tutorial_5DE"":24.058}","{""2A"":[],""2BC"":[],""3A"":[],""3BC"":[],""2DE"":[2],""3DE"":[1],""4DE"":[3],""5DE"":[]}",None.
140,E,418,"{""38"":3,""58"":2,""67"":0,""70"":1,""77"":2,""114"":1,""115"":1,""127"":1,""134"":1,""137"":0}",2,"[134,77,115,67,137,38,58,70,127,114]",boom box/radio,"{""38"":4.992,""58"":3.089,""67"":3.719,""70"":3.192,""77"":12.744,""114"":3.232,""115"":10.032,""127"":7.606,""134"":23.309,""137"":2.689,""tutorial_2DE"":31.832,""tutorial_3DE"":93.199,""tutorial_4DE"":10.489,""tutorial_5DE"":5.155}","{""2A"":[],""2BC"":[],""3A"":[],""3BC"":[],""2DE"":[2],""3DE"":[1],""4DE"":[3],""5DE"":[]}",Easy to follow and understand
141,E,444,"{""50"":1,""59"":3,""60"":0,""70"":1,""86"":2,""95"":2,""100"":0,""101"":2,""113"":2,""119"":2}",3,"[100,113,50,70,59,119,95,101,86,60]",The gem,"{""50"":26.079,""59"":15.984,""60"":14.175,""70"":20.016,""86"":7.809,""95"":27.601,""100"":14.418,""101"":6.751,""113"":30.664,""119"":5.855,""tutorial_2DE"":64.503,""tutorial_3DE"":13.843,""tutorial_4DE"":11.085,""tutorial_5DE"":4.222}","{""2A"":[],""2BC"":[],""3A"":[],""3BC"":[],""2DE"":[1,3,2],""3DE"":[1],""4DE"":[3],""5DE"":[]}",None
142,E,725,"{""46"":0,""49"":0,""65"":3,""80"":0,""85"":1,""102"":0,""112"":0,""113"":1,""129"":2,""135"":1}",3,"[46,135,80,65,112,129,49,85,102,113]",I liked the gem and the necklace but in general I was looking more at the number of items and how much I valued them more than the specific items within the chests.,"{""46"":48.647,""49"":35.727,""65"":21.654,""80"":41.22,""85"":57.08,""102"":20.435,""112"":53.188,""113"":30.633,""129"":18.023,""135"":22.815,""tutorial_2DE"":51.844,""tutorial_3DE"":19.605,""tutorial_4DE"":23.398,""tutorial_5DE"":12.644}","{""2A"":[],""2BC"":[],""3A"":[],""3BC"":[],""2DE"":[2],""3DE"":[1],""4DE"":[3],""5DE"":[]}",I wasn't really sure if I was suppose to consider what the other pirates value as potentially a reason to switch or not. I generally just went with my gut of what I thought would be best in the situation.
143,E,292,"{""64"":3,""81"":0,""85"":1,""86"":2,""91"":0,""108"":3,""116"":0,""119"":0,""129"":2,""135"":1}",1,"[108,85,135,64,119,129,91,116,86,81]",rum,"{""64"":20.876,""81"":8.855,""85"":17.608,""86"":10.481,""91"":6.048,""108"":29.278,""116"":5.912,""119"":10.086,""129"":12.433,""135"":22.356,""tutorial_2DE"":33.952,""tutorial_3DE"":20.848,""tutorial_4DE"":15.688,""tutorial_5DE"":7.707}","{""2A"":[],""2BC"":[],""3A"":[],""3BC"":[],""2DE"":[2],""3DE"":[1],""4DE"":[3],""5DE"":[]}",none
144,E,410,"{""42"":0,""67"":0,""77"":0,""85"":0,""86"":0,""88"":0,""101"":0,""122"":0,""128"":0,""134"":0}",3,"[85,88,42,128,86,122,134,101,67,77]",I did not have a favorite treasure item.,"{""42"":3.798,""67"":5.932,""77"":7.492,""85"":23.343,""86"":2.851,""88"":7.005,""101"":4.809,""122"":3.151,""128"":10.574,""134"":11.913,""tutorial_2DE"":36.22,""tutorial_3DE"":22.921,""tutorial_4DE"":41.305,""tutorial_5DE"":6.808}","{""2A"":[],""2BC"":[],""3A"":[],""3BC"":[],""2DE"":[3,2],""3DE"":[2,1],""4DE"":[1,1,3],""5DE"":[]}",NA
145,E,333,"{""36"":1,""38"":3,""65"":3,""70"":1,""73"":3,""74"":0,""79"":3,""84"":0,""109"":0,""120"":1}",2,"[109,74,120,79,65,84,70,73,38,36]",I liked the cross,"{""36"":10.039,""38"":17.018,""65"":11.606,""70"":6.394,""73"":7.724,""74"":13.526,""79"":8.318,""84"":7.796,""109"":21.009,""120"":17.241,""tutorial_2DE"":66.392,""tutorial_3DE"":19.606,""tutorial_4DE"":34.726,""tutorial_5DE"":7.332}","{""2A"":[],""2BC"":[],""3A"":[],""3BC"":[],""2DE"":[2],""3DE"":[1],""4DE"":[3],""5DE"":[]}",none
146,E,342,"{""43"":3,""44"":1,""60"":0,""65"":3,""70"":1,""71"":1,""94"":2,""102"":0,""126"":2,""136"":1}",1,"[102,126,44,43,94,65,71,70,136,60]",The map.,"{""43"":12.73,""44"":4.737,""60"":4.363,""65"":3.016,""70"":4.98,""71"":6.203,""94"":6.291,""102"":26.31,""126"":11.751,""136"":2.975,""tutorial_2DE"":40.702,""tutorial_3DE"":49.212,""tutorial_4DE"":15.987,""tutorial_5DE"":3.729}","{""2A"":[],""2BC"":[],""3A"":[],""3BC"":[],""2DE"":[2],""3DE"":[1],""4DE"":[3],""5DE"":[]}",No issues
147,E,415,"{""60"":0,""67"":0,""72"":2,""85"":1,""87"":2,""98"":0,""99"":2,""112"":1,""129"":2,""135"":1}",2,"[72,112,129,98,67,85,99,135,60,87]",There was a light blue jewel that caught my eye.,"{""60"":4.136,""67"":4.867,""72"":12.307,""85"":6.082,""87"":4.164,""98"":4.663,""99"":5.34,""112"":6.048,""129"":4.336,""135"":5.594,""tutorial_2DE"":43.04,""tutorial_3DE"":11.802,""tutorial_4DE"":13.289,""tutorial_5DE"":4.973}","{""2A"":[],""2BC"":[],""3A"":[],""3BC"":[],""2DE"":[2],""3DE"":[1],""4DE"":[3],""5DE"":[]}",The timer for the hit was kind of short. I felt a little rushed.
148,E,522,"{""43"":1,""52"":3,""70"":3,""72"":2,""80"":2,""81"":2,""84"":1,""88"":1,""93"":2,""99"":2}",3,"[72,52,88,93,99,43,80,70,84,81]",DIAMOND,"{""43"":3.241,""52"":1.984,""70"":1.832,""72"":9.525,""80"":10.679,""81"":1.56,""84"":2.936,""88"":2.104,""93"":4.345,""99"":23.895,""tutorial_2DE"":40.327,""tutorial_3DE"":18.496,""tutorial_4DE"":20.575,""tutorial_5DE"":2.083}","{""2A"":[],""2BC"":[],""3A"":[],""3BC"":[],""2DE"":[2],""3DE"":[2,1],""4DE"":[1,1,2,3],""5DE"":[]}",GOOD
149,E,229,"{""50"":1,""51"":1,""64"":2,""66"":2,""67"":2,""72"":0,""77"":3,""80"":2,""105"":2,""123"":0}",3,"[64,72,77,105,51,123,66,80,50,67]",treasure 3,"{""50"":84.619,""51"":1.468,""64"":3.098,""66"":1.179,""67"":1.625,""72"":3.184,""77"":1.901,""80"":1.206,""105"":3.436,""123"":1.462,""tutorial_2DE"":37.981,""tutorial_3DE"":5.543,""tutorial_4DE"":3.76,""tutorial_5DE"":1.075}","{""2A"":[],""2BC"":[],""3A"":[],""3BC"":[],""2DE"":[2],""3DE"":[2,2,1],""4DE"":[2,3],""5DE"":[]}",na
150,E,238,"{""37"":2,""38"":2,""44"":1,""57"":3,""85"":1,""95"":2,""102"":2,""105"":2,""126"":2,""129"":2}",2,"[37,57,38,85,126,105,129,102,95,44]",Gold,"{""37"":16.064,""38"":15.8,""44"":5.417,""57"":18.104,""85"":15.8,""95"":8.743,""102"":9.112,""105"":2.728,""126"":3.52,""129"":4.016,""tutorial_2DE"":37.543,""tutorial_3DE"":23.545,""tutorial_4DE"":13.287,""tutorial_5DE"":2.489}","{""2A"":[],""2BC"":[],""3A"":[],""3BC"":[],""2DE"":[2],""3DE"":[3,1],""4DE"":[3],""5DE"":[]}",I tended to choose the max value for me.
